Workbook
Name Answers: References!$D$4:$D$7
Name ARBType: 'Business Enablement Svcs Tech'!#REF!
Name ARBType: Architecture!$C$4
Name ArchDomain: 'Business Enablement Svcs Tech'!#REF!
Name ArchDomain: Architecture!$C$7
Name Category: 'Arch Alignment to Standandards'!#REF!
Name Category: #REF!
Name DPIAStatus: 'Data Privacy'!#REF!
Name Exception_Expiry: 'Arch Alignment to Standandards'!#REF!
Name Exception_Expiry: #REF!
Name Exception_Granted: 'Arch Alignment to Standandards'!#REF!
Name Exception_Granted: #REF!
Name Gateways: References!#REF!
Name Score: 'Arch Alignment to Standandards'!$E$5:$E$1048576
Name Score: #REF!
Name Version: References!#REF!

Sheet Change Log
A1: Date | B1: Author | C1: Description
A2: 45590 | B2: Bobby Willoughby | C2: Added "Azure Entra ID" as an option in Line 18, Identity
A3: 45604 | B3: Bobby Willoughby | C3: Corrected "data valuation"" for Identity Question (Line 18) to accommodate for the addition of the Azure Entra ID
A4: 45604 | B4: Bobby Willoughby | C4: Added this Change Log
A5: 45819 | B5: Bobby Willoughby | C5: Formula changes to allow for easier REFERENCE changes

Sheet Pre-Post ARB Checklist
B1: This document lists the pre and post ARB requirements from GTS Architects and GTS Architecture Delivery Product Owner/ARB Facilitator.
B3: Pre GTS ARB:
B4: Create a directory to serve as a repository for architecture documents in the GTS Solution Design repository.
B5: Copy the official version of the proper design document and scorecard from the GTS ARB SharePoint site to the above directory.
B6: Complete the Architecture Alignment to Standards Scorecard.
B7: Complete the design document and send it out for Peer Review and signoffs from requestor.
B8: Open an ARB Request, ensuring all required fields are completed.
B9: Create a PowerPoint presentation for review/approve at Readiness Check. Any changes made in Readiness Check will also be documented before review at GTS ARB.
B10: Once the peer feedback is considered, create a request on ARB SharePoint, if not already done.
B11: Ensure the Scorecard meets minimum of 90% score.
B12: · Note the scorecard of any architecture exceptions due to not meeting a requirement.
B13: · Architecture exceptions should be logged. You do not need to wait for approval to do this.
... B29: If the work is being handed over to an operational team, send a handover email to the Operational teams and requestor. Include GTS PMO if project management resources needs are determined.
B31: If there are Risk Exceptions in the Technical Risk Assessment, are Risks Acceptances documented in the appropriate ServiceNow form? | M31: Exceptions to standards are logged as GTS Risk Acceptances
B32: If there are Risk Exceptions in the Technical Risk Assessment, are Risks Remediations documented in the appropriate ServiceNow form? | M32: Exceptions to standards are logged as GTS Risk Remediations.

Sheet Arch Alignment to Standandards
D1: Architecture Alignment to Standards: | E1: =SUM(E4:E32)/COUNT(E4:E32) -> #REF!
A2: Category | B2: Review Group | C2: Question | D2: Answer | E2: Architecture Standards & Policies Alignment Score | F2: Exception to Standards - Link to Risk Acceptance, Risk Remediation, or explanation | G2: Where to find more information to be able to answer this question or complete the activity for being able to answer the question
A3: Architecture | C3: What is the type of architecture review board approval requested? | E3: N/A | G3: See Slide 7 of GTS ARB Charter
A4: Architecture | C4: Architecture peer review completed | D4: No | E4: =IF(D4 = "Yes",1,IF(D4 = "N/A",1,0)) -> 0
A5: Architecture | C5: Will the solution be deployed to an approved environment (Physical DataCenter, AWS, Azure, SaaS, PaaS)? | D5: N/A | E5: =VLOOKUP(D5,References!#REF!,2,FALSE) -> #REF!
A6: Architecture | C6: What region is the solution hosted in? | D6: N/A | E6: =VLOOKUP(D6,References!#REF!,2,FALSE) -> #REF!
A7: Architecture | C7: If this is Project Solution - Design ARB, within the solution design document and ARB presentation, is the Impacted Technology Components table populated, including CMDB IDs for all technology components currently in production or with a 'New' indicator for components to be added to the CMDB? | E7: =IF(D7="Yes",1,IF(D7="Not Applicable For This Type of ARB",1,0)) -> 0
A8: Architecture | C8: Are observability, monitoring, and logging requirements defined and accounted for within the solution design and architecture? | E8: =IF(D8="Yes",1,IF(D8="N/A",1,0)) -> 0
A9: Architecture | C9: Are fault tolerance and resiliency requirements defined and accounted for within the solution design and architecture (high availability, failover, redundancy, scalability)? | E9: =IF(D9="Yes",1,IF(D9="N/A",1,0)) -> 0
A10: Architecture | C10: What is the Availability Objective for the solution? | D10: Availability requirement is not defined | E10: =VLOOKUP(D10,References!B:C,2,FALSE) -> 0 | G10: Availability Objectives
A11: Architecture | C11: Is the solution architecture aligned with disaster recovery requirements for the solution? | D11: N/A | E11: =VLOOKUP(D11,References!D:E,2,FALSE) -> 1
A12: Architecture | C12: Is the solution architecture aligned with backup/recovery requirements for the solution? | D12: N/A | E12: =VLOOKUP(D12,References!D:E,2,FALSE) -> 1
A13: Architecture | C13: Is the deployment pattern for the solution documented within the solution architecture? | D13: N/A | E13: =VLOOKUP(D13,References!D:E,2,FALSE) -> 1
A14: Architecture | C14: Is the solution aligned with GTS Enterprise Architecture Principles? | D14: N/A | E14: =VLOOKUP(D14,References!D:E,2,FALSE) -> 1 | G14: GTS Architecture Principles
A15: Architecture | C15: If the solution interfaces with an application or exchanges data with an application that is a non-Aegon entity, are the approved pattern(s) for third party integration documented within the solution architecture? | D15: N/A | E15: =VLOOKUP(D15,References!D:E,2,FALSE) -> 1 | G15: GTS Architecture Repository - https://aegonna.sharepoint.com/sites/GEA/SitePages/Architecture-Documents.aspx Global Architecture Repository - https://aegonna.sharepoint.com/sites/GTS-GlobalARB/SitePages/Global-Architecture-Repository.aspx
A16: Architecture | C16: If the solution interfaces with an internal application or exchanges data with an internal application, are the approved patterns for internal integration documented within the solution architecture? | D16: N/A | E16: =VLOOKUP(D16,References!D:E,2,FALSE) -> 1 | G16: GTS Architecture Repository - https://aegonna.sharepoint.com/sites/GEA/SitePages/Architecture-Documents.aspx Global Architecture Repository - https://aegonna.sharepoint.com/sites/GTS-GlobalARB/SitePages/Global-Architecture-Repository.aspx
A17: Architecture | B17: GEA Review Board, Pre-ARB??? | C17: Has the solution passed the BU Architecture Board review? | D17: N/A | E17: =VLOOKUP(D17,References!D:E,2,FALSE) -> 1
A18: Architecture | C18: If the solution is dependent on identity, what is the identity management / identity provider utilized by the solution? | D18: Other | E18: =VLOOKUP(D18,References!#REF!,2,FALSE) -> #REF!
A19: Architecture | C19: What Secrets Vault is used for secrets management? | D19: Other | E19: =VLOOKUP(D19,References!#REF!,2,FALSE) -> #REF!
A20: Gen AI | B20: GEA Review Board, Pre-ARB??? | C20: If the solution has a dependency on GEN AI has it been logged in the GEN AI Inventory? | D20: N/A | E20: =VLOOKUP(D20,References!D:E,2,FALSE) -> 1 | G20: Link to GenAi Inventory
A21: Gen AI | B21: GEA Review Board, Pre-ARB??? | C21: If the solution has a dependency on GEN AI has it be reviewed and approved by the GEN AI Working Group? | D21: N/A | E21: =VLOOKUP(D21,References!D:E,2,FALSE) -> 1 | G21: Link to GenAi Inventory Gen AI Approval Status is "Approved" for the use case
A22: Compliance & Risk | C22: Technology Solution Assessment (TSA) Status | D22: Assessment Required, Not Initiated | E22: =VLOOKUP(D22,References!S:T,2,FALSE) -> -1 | G22: Link to Technology Risk Assessment Sharepoint Site
A23: Data Privacy | C23: Data Privacy Impact Assessment (DPIA) status If this is a Solution Design and the solution leverages new data sources or new use cases for data | D23: Assessment Required, Not Initiated | E23: =VLOOKUP(D23,References!S:T,2,FALSE) -> -1 | G23: Refer to the ITCF Framework and ICTF P04.01.02 Information Security Classification Standard for guidance on data classification the controls for processing, storing and transmitting data. - ITCF Framework: https://aegonna.sharepoint.com/sites/GTS-ICC/Intranet/ITCF/Shared%20Documents/Aegon%20Global%20IT%20Control%20Framework.pdf
A24: Infrastructure | C24: Infrastructure Review/Approval Status | D24: Assessment Required, Not Initiated | E24: =VLOOKUP(D24,References!S:T,2,FALSE) -> -1 | G24: Stefan Simenon is the Infrastructure Representative
A25: Security | B25: CCAT | C25: If this is a Final ARB for Solution Design, does the solution introduce new critical or high vulnerabilities that are unresolved? | D25: Not Final ARB | E25: =VLOOKUP(D25,References!Y:Z,2,FALSE) -> 1
A26: Architecture | B26: GEA Review Board, Pre-ARB??? | C26: If this is a Final ARB for Solution Design, are component standards, architecture design patterns, and reference architectures utilized by the solution in the GTS or Global architecture repository? | D26: Not Final ARB | E26: =VLOOKUP(D26,References!W:X,2,FALSE) -> 1 | G26: GTS Architecture Repository - https://aegonna.sharepoint.com/sites/GEA/SitePages/Architecture-Documents.aspx Global Architecture Repository - https://aegonna.sharepoint.com/sites/GTS-GlobalARB/SitePages/Global-Architecture-Repository.aspx
A27: Architecture | C27: If this is a Final ARB for Solution Design, are 'New' Business Applications introduced by the solution registered in CMDB and is risk rating completed? | D27: Not Final ARB | E27: =VLOOKUP(D27,References!Y:Z,2,FALSE) -> 1 | G27: CMDB Link - Risk Rating must be completed prior to approving Final ARB. Completing the Application Risk rating is the responsibility of the Application Owner.
A28: Architecture | B28: CSAT | C28: If this is a Final ARB for Solution Design, does the solution use approved machine / container images? | D28: Not Final ARB | E28: =VLOOKUP(D28,References!W:X,2,FALSE) -> 1 | G28: Link to Approved Container/Images Documentation Needs to be Added Here
A29: Compliance & Risk | C29: If this is a Final ARB for Solution Design, is GTS First Line Risk & Controls ARB Readiness acknowledgement completed and attached to GTS ARB agenda request? | D29: Not Final ARB | E29: =VLOOKUP(D29,References!W:X,2,FALSE) -> 1 | G29: To initiate this request, contact gtsiccriskandcontrol@transamerica.com
A30: Data Privacy | B30: Data Governance | C30: If this is a Final ARB for Solution Design, is GTS Data Privacy Officer ARB readiness acknowledgement completed and attached to GTS ARB agenda request? | D30: Not Final ARB | E30: =VLOOKUP(D30,References!W:X,2,FALSE) -> 1 | G30: To initiate this request, contact Adam Kaminsky
A31: Quality Assurance | C31: If this is a Final ARB for Solution Design, does the technology lead responsible for the implementation agree that the solution has been tested and is ready for Project Solution - Final ARB? | D31: Not Final ARB | E31: =VLOOKUP(D31,References!W:X,2,FALSE) -> 1 | G31: This question is a part of the scorecard to confirm that there are no additional changes that would require a re-validation of the architecture prior to ARB sign off of the Final ARB.
A32: Security | C32: If this is a Final ARB for Solution Design, is the Security Review completed and ARB readiness sign off / approval attached to GTS ARB agenda request? | D32: Not Final ARB | E32: =VLOOKUP(D32,References!W:X,2,FALSE) -> 1 | G32: Representative is in ARB Readiness - Nick Russel, Chad Hunter, or Jeff Bain

Sheet Target Operating Model

Sheet Assessment Score
B2: =Architecture!A1 -> ARCHITECTURE DOMAIN | C2: =Architecture!D1 -> 1 | D2: =IF(C2<90%,"FAIL","PASS") -> PASS | F2: ='Gen AI'!A1 -> GEN AI DOMAIN | G2: ='Gen AI'!E1 -> 1 | H2: =IF(G2<90%,"FAIL","PASS") -> PASS
B3: BUSINESS ENABLEMENT TECH SERVICES | C3: ='Business Enablement Svcs Tech'!D1 -> 1 | D3: =IF(C3<90%,"FAIL","PASS") -> PASS | F3: =Security!A1 -> SECURITY DOMAIN | G3: =Security!D1 -> 0.81818182 | H3: =IF(G3<90%,"FAIL","PASS") -> FAIL
B4: ='Data Privacy'!A1 -> DATA DOMAIN | C4: ='Data Privacy'!E1 -> 0.33333333 | D4: =IF(C4<90%,"FAIL","PASS") -> FAIL | F4: =Risks!A1 -> RISKS DOMAIN | G4: =Risks!E1 -> 1 | H4: =IF(G4<90%,"FAIL","PASS") -> PASS
B6: =#REF! -> #REF! | C6: =#REF! -> #REF! | D6: =IF(C6<90%,"FAIL","Pass") -> #REF! | E6: Remove this domain?
B7: =Performance!A1 -> PERFORMANCE DOMAIN | C7: =Performance!E1 -> 1 | D7: =IF(C7<90%,"FAIL","Pass") -> Pass | E7: Remove this domain?
B8: =NFRs!A1 -> NON FUNCTIONAL REQUIREMENTS DOMAIN | C8: =NFRs!E1 -> 1 | D8: =IF(C8<90%,"FAIL","Pass") -> Pass | E8: Remove this domain?
B9: Combined Score (AVG) | C9: =AVERAGE(C2:C5,G2:G4) -> 0.85858586 | D9: =IF(COUNTIF(D2:D5,"FAIL")+ COUNTIF(H2:H5,"FAIL")>1,"FAIL",IF(C9<90%,"FAIL","PASS")) -> FAIL | F9: If more than 1 Domain Failure or Average Score is < 90, then FAIL

Sheet Architecture
A1: ARCHITECTURE DOMAIN | D1: =SUM(D3:D18)/COUNT(D3:D18) -> 1
A2: Category | B2: Question | C2: Answer | D2: Scoring | E2: Comments to Explain Answer (Complete this column if explanation is necessary) | F2: Instructions | G2: Links and Further Instructions or Reference Material
A3: Architecture | B3: What is the Enterprise Architecture Classification? | C3: Core | D3: =VLOOKUP(C3,References!P:Q,2,FALSE) -> 1 | G3: =HYPERLINK("https://aegonna.sharepoint.com/:p:/r/sites/GEA/_layouts/15/Doc.aspx?sourcedoc=%7B751DCB16-8E6D-4CC5-BD0A-17AC94837E7C%7D&file=2026%20Enterprise%20Technology%20ARB%20Charter%20&%20Architecture%20Processes%20Overview.pptx=&action=edit&mobileredirect=true","2026 Enterprise Technology ARB Charter & Architecture Processes Overview.pptx") -> 2026 Enterprise Technology ARB Charter & Architecture Processes Overview.pptx | H3: =CONCATENATE("=hyperlink(""",M3,""",""",I3,""")") -> =hyperlink("https://aegonna.sharepoint.com/:p:/r/sites/GEA/_layouts/15/Doc.aspx?sourcedoc=%7B751DCB16-8E6D-4CC5-BD0A-17AC94837E7C%7D&file=2026%20Enterprise%20Technology%20ARB%20Charter%20&%20Architecture%20Processes%20Overview.pptx=&action=edit&mobileredirect=true","2026 Enterprise Technology ARB Charter & Architecture Processes Overview.pptx") | I3: 2026 Enterprise Technology ARB Charter & Architecture Processes Overview.pptx | M3: https://aegonna.sharepoint.com/:p:/r/sites/GEA/_layouts/15/Doc.aspx?sourcedoc=%7B751DCB16-8E6D-4CC5-BD0A-17AC94837E7C%7D&file=2026%20Enterprise%20Technology%20ARB%20Charter%20&%20Architecture%20Processes%20Overview.pptx=&action=edit&mobileredirect=true
A4: Architecture | B4: What is the type of architecture review board requested? | C4: Solution Design | D4: =VLOOKUP(C4,References!N:O,2,FALSE) -> 1 | G4: =HYPERLINK("https://aegonna.sharepoint.com/:p:/r/sites/GEA/_layouts/15/Doc.aspx?sourcedoc=%7B751DCB16-8E6D-4CC5-BD0A-17AC94837E7C%7D&file=2026%20Enterprise%20Technology%20ARB%20Charter%20&%20Architecture%20Processes%20Overview.pptx=&action=edit&mobileredirect=true","2026 Enterprise Technology ARB Charter & Architecture Processes Overview.pptx") -> 2026 Enterprise Technology ARB Charter & Architecture Processes Overview.pptx | H4: =CONCATENATE("=hyperlink(""",M4,""",""",I4,""")") -> =hyperlink("https://aegonna.sharepoint.com/:p:/r/sites/GEA/_layouts/15/Doc.aspx?sourcedoc=%7B751DCB16-8E6D-4CC5-BD0A-17AC94837E7C%7D&file=2026%20Enterprise%20Technology%20ARB%20Charter%20&%20Architecture%20Processes%20Overview.pptx=&action=edit&mobileredirect=true","2026 Enterprise Technology ARB Charter & Architecture Processes Overview.pptx") | I4: 2026 Enterprise Technology ARB Charter & Architecture Processes Overview.pptx | M4: https://aegonna.sharepoint.com/:p:/r/sites/GEA/_layouts/15/Doc.aspx?sourcedoc=%7B751DCB16-8E6D-4CC5-BD0A-17AC94837E7C%7D&file=2026%20Enterprise%20Technology%20ARB%20Charter%20&%20Architecture%20Processes%20Overview.pptx=&action=edit&mobileredirect=true
A5: Architecture | B5: Are the peer reviews completed and all comments resolved? | C5: Yes | D5: =VLOOKUP(C5,References!D:E,2,FALSE) -> 1 | F5: [When completing the scorecard, Include Reviewer Name(s) here]
A6: Architecture | B6: Has the architect considered workload placement options, using an objective framework to understand the workload hosting options? | C6: N/A | D6: =VLOOKUP(C6,References!D:E,2,FALSE) -> 1 | G6: =HYPERLINK("https://aegonna.sharepoint.com/:w:/r/sites/GTS-GlobalARB/_layouts/15/Doc.aspx?sourcedoc=%7BDE694E79-B787-4BF8-B39D-C8B841FCA44E%7D&file=Global%20Workload%20Placement%20Guidance.docx&action=default&mobileredirect=true","Global Workload Placement Guidance (2025)") -> Global Workload Placement Guidance (2025) | H6: =CONCATENATE("=hyperlink(""",M6,""",""",I6,""")") -> =hyperlink("https://aegonna.sharepoint.com/:w:/r/sites/GTS-GlobalARB/_layouts/15/Doc.aspx?sourcedoc=%7BDE694E79-B787-4BF8-B39D-C8B841FCA44E%7D&file=Global%20Workload%20Placement%20Guidance.docx&action=default&mobileredirect=true","Global Workload Placement Guidance (2025)") | I6: Global Workload Placement Guidance (2025) | M6: https://aegonna.sharepoint.com/:w:/r/sites/GTS-GlobalARB/_layouts/15/Doc.aspx?sourcedoc=%7BDE694E79-B787-4BF8-B39D-C8B841FCA44E%7D&file=Global%20Workload%20Placement%20Guidance.docx&action=default&mobileredirect=true
A7: Architecture | B7: What Architecture Domain does this solution fall into? | C7: Compute/Data | D7: =VLOOKUP(C7,References!AK:AL,2,FALSE) -> 1 | I7: Need to create cloud region guidance in 2026
A8: Architecture | B8: Is the solution deployed in an Aegon approved data center and cloud region? | C8: AWS - US East (N. Virginia + Ohio) | D8: =VLOOKUP(C8,References!AM:AN,2,FALSE) -> 1 | I8: Need to create cloud region guidance in 2026
A9: Architecture | B9: Is the solution aligned with the minimum TA and Global SDLC Standard's? | C9: N/A | D9: =VLOOKUP(C9,References!D:E,2,FALSE) -> 1 | G9: =HYPERLINK("https://aegonna.sharepoint.com/:x:/r/sites/TA-ProjectMethodology/_layouts/15/Doc.aspx?sourcedoc=%7BB2A86D3C-C120-4C87-9F1D-1591EEE31E5F%7D&file=SDLC%202.0%20Checklist%20and%20RACI.xlsx&action=default&mobileredirect=true","TA SDLC Checklist (2025)") -> TA SDLC Checklist (2025) | H9: =CONCATENATE("=hyperlink(""",M9,""",""",I9,""")") -> =hyperlink("https://aegonna.sharepoint.com/:x:/r/sites/TA-ProjectMethodology/_layouts/15/Doc.aspx?sourcedoc=%7BB2A86D3C-C120-4C87-9F1D-1591EEE31E5F%7D&file=SDLC%202.0%20Checklist%20and%20RACI.xlsx&action=default&mobileredirect=true","TA SDLC Checklist (2025)") | I9: TA SDLC Checklist (2025) | J9: =HYPERLINK("https://aegon.sharepoint.com/sites/CC-PolicyHouseGroup-10099/Shared%20Documents/Software%20Development%20Lifecycle%20Standard.pdf","Global SDLC Standard (2026)") -> Global SDLC Standard (2026) | K9: =CONCATENATE("=hyperlink(""",M9,""",""",L9,""")") -> =hyperlink("https://aegonna.sharepoint.com/:x:/r/sites/TA-ProjectMethodology/_layouts/15/Doc.aspx?sourcedoc=%7BB2A86D3C-C120-4C87-9F1D-1591EEE31E5F%7D&file=SDLC%202.0%20Checklist%20and%20RACI.xlsx&action=default&mobileredirect=true","Global SDLC Standard (2026)") | L9: =HYPERLINK("https://aegonna.sharepoint.com/:x:/r/sites/TA-ProjectMethodology/_layouts/15/Doc.aspx?sourcedoc=%7BB2A86D3C-C120-4C87-9F1D-1591EEE31E5F%7D&file=SDLC%202.0%20Checklist%20and%20RACI.xlsx&action=default&mobileredirect=true","Global SDLC Standard (2026)") -> Global SDLC Standard (2026) | M9: https://aegonna.sharepoint.com/:x:/r/sites/TA-ProjectMethodology/_layouts/15/Doc.aspx?sourcedoc=%7BB2A86D3C-C120-4C87-9F1D-1591EEE31E5F%7D&file=SDLC%202.0%20Checklist%20and%20RACI.xlsx&action=default&mobileredirect=true | N9: https://aegon.sharepoint.com/sites/CC-PolicyHouseGroup-10099/Shared%20Documents/Software%20Development%20Lifecycle%20Standard.pdf
A10: Architecture | B10: Is the solution aligned with the Enterprise Architecture Principles? | C10: Yes | D10: =VLOOKUP(C10,References!H:I,2,FALSE) -> 1 | G10: =HYPERLINK("https://aegonna.sharepoint.com/sites/GTS-GlobalARB/SitePages/Aegon-Global-Architecture-Principles.aspx?csf=1&web=1&e=qScbqN","Enterprise Architecture Principles (2025)") -> Enterprise Architecture Principles (2025) | H10: =CONCATENATE("=hyperlink(""",M10,""",""",I10,""")") -> =hyperlink("https://aegonna.sharepoint.com/sites/GTS-GlobalARB/SitePages/Aegon-Global-Architecture-Principles.aspx?csf=1&web=1&e=qScbqN","Enterprise Architecture Principles (2025)") | I10: Enterprise Architecture Principles (2025) | M10: https://aegonna.sharepoint.com/sites/GTS-GlobalARB/SitePages/Aegon-Global-Architecture-Principles.aspx?csf=1&web=1&e=qScbqN
A11: Architecture | B11: Is the solution aligned with the Well Architected Framework(s)? | C11: Yes | D11: =VLOOKUP(C11,References!H:I,2,FALSE) -> 1 | G11: =HYPERLINK("https://learn.microsoft.com/en-us/azure/well-architected/","https://learn.microsoft.com/en-us/azure/well-architected/") -> https://learn.microsoft.com/en-us/azure/well-architected/ | H11: =CONCATENATE("=hyperlink(""",M11,""",""",I11,""")") -> =hyperlink("https://learn.microsoft.com/en-us/azure/well-architected/","https://learn.microsoft.com/en-us/azure/well-architected/") | I11: https://learn.microsoft.com/en-us/azure/well-architected/ | J11: =HYPERLINK("https://aws.amazon.com/architecture/well-architected/","https://aws.amazon.com/architecture/well-architected/") -> https://aws.amazon.com/architecture/well-architected/ | K11: =CONCATENATE("=hyperlink(""",N11,""",""",L11,""")") -> =hyperlink("https://aws.amazon.com/architecture/well-architected/","https://aws.amazon.com/architecture/well-architected/") | L11: https://aws.amazon.com/architecture/well-architected/ | M11: https://learn.microsoft.com/en-us/azure/well-architected/ | N11: https://aws.amazon.com/architecture/well-architected/
A12: Architecture | B12: Is the solution aligned with the Free and Open-Source Software Guidance? | C12: N/A | D12: =VLOOKUP(C12,References!D:E,2,FALSE) -> 1 | G12: =HYPERLINK("https://aegonna.sharepoint.com/:p:/r/sites/GTS-GlobalARB/_layouts/15/Doc.aspx?sourcedoc=%7BAE7A5AE2-DEE6-431B-B2DC-41F5F2E2B6B9%7D&file=Global%20Free%20&%20Open%20Source%20Software%20(FOSS)%20Guidance.pptx=&action=edit&mobileredirect=true","Global Free & Open Source Software (FOSS) Guidance (2025)") -> Global Free & Open Source Software (FOSS) Guidance (2025) | H12: =CONCATENATE("=hyperlink(""",M12,""",""",I12,""")") -> =hyperlink("https://aegonna.sharepoint.com/:p:/r/sites/GTS-GlobalARB/_layouts/15/Doc.aspx?sourcedoc=%7BAE7A5AE2-DEE6-431B-B2DC-41F5F2E2B6B9%7D&file=Global%20Free%20&%20Open%20Source%20Software%20(FOSS)%20Guidance.pptx=&action=edit&mobileredirect=true","Global Free & Open Source Software (FOSS) Guidance (2025)") | I12: Global Free & Open Source Software (FOSS) Guidance (2025) | M12: https://aegonna.sharepoint.com/:p:/r/sites/GTS-GlobalARB/_layouts/15/Doc.aspx?sourcedoc=%7BAE7A5AE2-DEE6-431B-B2DC-41F5F2E2B6B9%7D&file=Global%20Free%20&%20Open%20Source%20Software%20(FOSS)%20Guidance.pptx=&action=edit&mobileredirect=true
A13: Architecture | B13: Is the solution aligned with our Global Logging, Monitoring, Observability & Alerting Guidance? | C13: Yes | D13: =VLOOKUP(C13,References!D:E,2,FALSE) -> 1 | G13: =HYPERLINK("https://aegonna.sharepoint.com/:w:/r/sites/GTS-GlobalARB/Aegon%20Global%20Architecture%20Policies%20and%20Standards/Global%20Logging,%20Monitoring,%20Observability%20%26%20Alerting%20Guidance.docx?d=w7489c70f511f4ad3a0705b1da976f51f&csf=1&web=1&e=fnstw3","Global Logging, Monitoring, Observability & Alerting Guidance (2025)") -> Global Logging, Monitoring, Observability & Alerting Guidance (2025) | H13: =CONCATENATE("=hyperlink(""",M13,""",""",I13,""")") -> =hyperlink("https://aegonna.sharepoint.com/:w:/r/sites/GTS-GlobalARB/Aegon%20Global%20Architecture%20Policies%20and%20Standards/Global%20Logging,%20Monitoring,%20Observability%20%26%20Alerting%20Guidance.docx?d=w7489c70f511f4ad3a0705b1da976f51f&csf=1&web=1&e=fnstw3","Global Logging, Monitoring, Observability & Alerting Guidance (2025)") | I13: Global Logging, Monitoring, Observability & Alerting Guidance (2025) | M13: https://aegonna.sharepoint.com/:w:/r/sites/GTS-GlobalARB/Aegon%20Global%20Architecture%20Policies%20and%20Standards/Global%20Logging,%20Monitoring,%20Observability%20%26%20Alerting%20Guidance.docx?d=w7489c70f511f4ad3a0705b1da976f51f&csf=1&web=1&e=fnstw3
A14: Architecture | B14: If the solution is introducing a new Tier 0 (Core Infrastructure), Tier 1 (Mission Critical), Tier 2 (Business Critical) or Tier 3 (Important) solution, is the Architecture Resiliency Tier & Design Criteria Assessment completed and in the Architecture Design Folder? | C14: Assessment Not Required | D14: =VLOOKUP(C14,References!S:T,2,FALSE) -> 1 | F14: <-- Include the link to the assessement as evidence | G14: =HYPERLINK("https://aegonna.sharepoint.com/:x:/r/sites/GEA/Templates/In%20Review/Architecture%20Resiliency%20Tier%20%26%20Design%20Criteria%20Assessment.xlsx?d=wdd5b89f510324f1f8e413e7b59c78c29&csf=1&web=1&e=KsRIX9","Architecture Resiliency Tier & Design Criteria Assessment") -> Architecture Resiliency Tier & Design Criteria Assessment | H14: =CONCATENATE("=hyperlink(""",M14,""",""",I14,""")") -> =hyperlink("https://aegonna.sharepoint.com/:x:/r/sites/GEA/Templates/In%20Review/Architecture%20Resiliency%20Tier%20%26%20Design%20Criteria%20Assessment.xlsx?d=wdd5b89f510324f1f8e413e7b59c78c29&csf=1&web=1&e=KsRIX9","Architecture Resiliency Tier & Design Criteria Assessment") | I14: Architecture Resiliency Tier & Design Criteria Assessment | J14: =HYPERLINK("https://aegonna.sharepoint.com/:p:/r/sites/GTS-GlobalARB/Aegon%20Global%20Architecture%20Policies%20and%20Standards/Global%20Resiliency%20Tiers%20and%20Design%20Guidance.pptx?d=w0670e2b0a05a42e98a99d6b0ee3d5a1b&csf=1&web=1&e=Bsj0ee","Global Resiliency Tiers & Design Criteria") -> Global Resiliency Tiers & Design Criteria | K14: =CONCATENATE("=hyperlink(""",N14,""",""",L14,""")") -> =hyperlink("https://aegonna.sharepoint.com/:p:/r/sites/GTS-GlobalARB/Aegon%20Global%20Architecture%20Policies%20and%20Standards/Global%20Resiliency%20Tiers%20and%20Design%20Guidance.pptx?d=w0670e2b0a05a42e98a99d6b0ee3d5a1b&csf=1&web=1&e=Bsj0ee","Global Resiliency Tiers & Design Criteria") | L14: Global Resiliency Tiers & Design Criteria | M14: https://aegonna.sharepoint.com/:x:/r/sites/GEA/Templates/In%20Review/Architecture%20Resiliency%20Tier%20%26%20Design%20Criteria%20Assessment.xlsx?d=wdd5b89f510324f1f8e413e7b59c78c29&csf=1&web=1&e=KsRIX9 | N14: https://aegonna.sharepoint.com/:p:/r/sites/GTS-GlobalARB/Aegon%20Global%20Architecture%20Policies%20and%20Standards/Global%20Resiliency%20Tiers%20and%20Design%20Guidance.pptx?d=w0670e2b0a05a42e98a99d6b0ee3d5a1b&csf=1&web=1&e=Bsj0ee
A15: Architecture | B15: Are cloud resource tags in place for all cloud resources hosted in Aegon AWS, ACE or Azure infrastructure used by the solution? | C15: N/A | D15: =VLOOKUP(C15,References!H:I,2,FALSE) -> 1 | F15: Required for Final ARB if the solution leverages aegon / transamerica AWS, ACE, Azure infrastructure | G15: =HYPERLINK("https://aegonna.sharepoint.com/:w:/r/sites/GTS-GlobalARB/Aegon%20Global%20Architecture%20Policies%20and%20Standards/Global%20Resource%20Tagging%20Standard.docx?d=w2d1b853fcbfe4e6cbf13d55a50fdaeb2&csf=1&web=1&e=j7C6HU","Global Resource Tagging Standards (2025)") -> Global Resource Tagging Standards (2025) | H15: =CONCATENATE("=hyperlink(""",M15,""",""",I15,""")") -> =hyperlink("https://aegonna.sharepoint.com/:w:/r/sites/GTS-GlobalARB/Aegon%20Global%20Architecture%20Policies%20and%20Standards/Global%20Resource%20Tagging%20Standard.docx?d=w2d1b853fcbfe4e6cbf13d55a50fdaeb2&csf=1&web=1&e=j7C6HU","Global Resource Tagging Standards (2025)") | I15: Global Resource Tagging Standards (2025) | M15: https://aegonna.sharepoint.com/:w:/r/sites/GTS-GlobalARB/Aegon%20Global%20Architecture%20Policies%20and%20Standards/Global%20Resource%20Tagging%20Standard.docx?d=w2d1b853fcbfe4e6cbf13d55a50fdaeb2&csf=1&web=1&e=j7C6HU
A16: Architecture | B16: Are the business applications, sdlc components and their application services mapped to related entities in ServiceNow per the Enterprise Architecture Metamodel? | C16: N/A | D16: =VLOOKUP(C16,References!D:E,2,FALSE) -> 1 | G16: =HYPERLINK("https://aegonna.sharepoint.com/:w:/r/sites/GTS-GlobalARB/Aegon%20Global%20Architecture%20Policies%20and%20Standards/Global%20Enterprise%20Architecture%20Metamodel%20Guidance.docx?d=w9bfb1f296d0142d89c35e70f1ef9a6da&csf=1&web=1&e=W0CUsA","Global EA Metamodel Guidance (2025)") -> Global EA Metamodel Guidance (2025) | H16: =CONCATENATE("=hyperlink(""",M16,""",""",I16,""")") -> =hyperlink("https://aegonna.sharepoint.com/:w:/r/sites/GTS-GlobalARB/Aegon%20Global%20Architecture%20Policies%20and%20Standards/Global%20Enterprise%20Architecture%20Metamodel%20Guidance.docx?d=w9bfb1f296d0142d89c35e70f1ef9a6da&csf=1&web=1&e=W0CUsA","Global EA Metamodel Guidance (2025)") | I16: Global EA Metamodel Guidance (2025) | M16: https://aegonna.sharepoint.com/:w:/r/sites/GTS-GlobalARB/Aegon%20Global%20Architecture%20Policies%20and%20Standards/Global%20Enterprise%20Architecture%20Metamodel%20Guidance.docx?d=w9bfb1f296d0142d89c35e70f1ef9a6da&csf=1&web=1&e=W0CUsA
A17: Architecture | B17: Final ARB for Solution Design: Are all referenced component standards, architecture design patterns, and reference architectures published in the architecture repository? | C17: N/A | D17: =VLOOKUP(C17,References!H:I,2,FALSE) -> 1 | G17: =HYPERLINK("https://aegonna.sharepoint.com/sites/GEA/SitePages/Architecture-Documents.aspx","ET Architecture Repository") -> ET Architecture Repository | H17: =CONCATENATE("=hyperlink(""",M17,""",""",I17,""")") -> =hyperlink("https://aegonna.sharepoint.com/sites/GEA/SitePages/Architecture-Documents.aspx","ET Architecture Repository") | I17: ET Architecture Repository | K17: =CONCATENATE("=hyperlink(""",M17,""",""",L17,""")") -> =hyperlink("https://aegonna.sharepoint.com/sites/GEA/SitePages/Architecture-Documents.aspx","Global Architecture Repository") | L17: =HYPERLINK("https://aegonna.sharepoint.com/sites/GEA/SitePages/Architecture-Documents.aspx","Global Architecture Repository") -> Global Architecture Repository | M17: https://aegonna.sharepoint.com/sites/GEA/SitePages/Architecture-Documents.aspx | N17: https://aegonna.sharepoint.com/sites/GTS-GlobalARB/SitePages/Global-Architecture-Repository.aspx | O17: Daca Architecture Repository
A18: Architecture | B18: Are impacted business applications risk-rated in the CMDB? | C18: N/A | D18: =VLOOKUP(C18,References!H:I,2,FALSE) -> 1 | F18: risk rating informs the minimum security requirements by app risk rating | G18: =HYPERLINK("https://aegon.service-now.com/now/nav/ui/classic/params/target/cmdb_ci_business_app_list.do","CMDB") -> CMDB | H18: =CONCATENATE("=hyperlink(""",M18,""",""",I18,""")") -> =hyperlink("https://aegon.service-now.com/now/nav/ui/classic/params/target/cmdb_ci_business_app_list.do","CMDB") | I18: CMDB | K18: =CONCATENATE("=hyperlink(""",M18,""",""",L18,""")") -> =hyperlink("https://aegon.service-now.com/now/nav/ui/classic/params/target/cmdb_ci_business_app_list.do","Global Minimum Security Requirements by App Risk Rating (2025)") | L18: =HYPERLINK("https://aegon.service-now.com/now/nav/ui/classic/params/target/cmdb_ci_business_app_list.do","Global Minimum Security Requirements by App Risk Rating (2025)") -> Global Minimum Security Requirements by App Risk Rating (2025) | M18: https://aegon.service-now.com/now/nav/ui/classic/params/target/cmdb_ci_business_app_list.do | N18: https://aegonna.sharepoint.com/:p:/s/GEA/cQr7F2hx5WGuQ7YvZOjTlEATEgUAegZ3q5TiBVPlY7cEx_fJkw

Sheet Business Enablement Svcs Tech
A1: BUSINESS ENABLEMENT (DINSTINCT ONLY) | D1: =SUM(D3:D9)/COUNT(D3:D9) -> 1
A2: Category | B2: Question | C2: Answer | D2: Scoring | E2: Comments to Explain Answer (Complete this column if explanation is necessary) | F2: Instructions | G2: Links and Further Instructions or Reference Material
A3: BUSINESS ENABLEMENT | B3: Do the sdlc components within the solution use the OnePlatform File Service to move files from source to target across internal (including Aegon cloud) platforms internally with required security, audit and compliance controls? | C3: Yes | D3: =VLOOKUP(C3,References!D:E,2,FALSE) -> 1 | G3: OnePlatform File Service (2025) | H3: https://aegonna.sharepoint.com/:w:/r/sites/TechnologySharedPlatform/Public/One%20Platform%20Services/7.%20File%20Service/User%20Guide.docx?d=wf54f72207c4348daab25f4d502df0be9&csf=1&web=1&e=lJKh6e | I3: =HYPERLINK(H3,G3) -> OnePlatform File Service (2025) | J3: =CONCATENATE("=hyperlink(""",H3,""",""",G3,""")") -> =hyperlink("https://aegonna.sharepoint.com/:w:/r/sites/TechnologySharedPlatform/Public/One%20Platform%20Services/7.%20File%20Service/User%20Guide.docx?d=wf54f72207c4348daab25f4d502df0be9&csf=1&web=1&e=lJKh6e","OnePlatform File Service (2025)") | K3: =HYPERLINK("https://aegonna.sharepoint.com/:w:/r/sites/TechnologySharedPlatform/Public/One%20Platform%20Services/7.%20File%20Service/User%20Guide.docx?d=wf54f72207c4348daab25f4d502df0be9&csf=1&web=1&e=lJKh6e","OnePlatform File Service (2025)") -> OnePlatform File Service (2025)
A4: BUSINESS ENABLEMENT | B4: Do the sdlc components within the solution use the OnePlatform Audit Logging Service to provide a secure, immutable audit log for events that need to record “who did what, when, and from where”? | C4: Yes | D4: =VLOOKUP(C4,References!D:E,2,FALSE) -> 1 | G4: OnePlatform Audit Logging User Guide V4 (2024) | H4: https://aegonna.sharepoint.com/:w:/r/sites/TechnologySharedPlatform/Public/One%20Platform%20Services/1.%20Audit%20Service/Oneplatform%20Audit%20Logging%20User%20Guide%20V4.docx?d=wce3b218e963f4448820c3d46c76a1c2a&csf=1&web=1&e=fYLivM | I4: =HYPERLINK(H4,G4) -> OnePlatform Audit Logging User Guide V4 (2024) | J4: =CONCATENATE("=hyperlink(""",H4,""",""",G4,""")") -> =hyperlink("https://aegonna.sharepoint.com/:w:/r/sites/TechnologySharedPlatform/Public/One%20Platform%20Services/1.%20Audit%20Service/Oneplatform%20Audit%20Logging%20User%20Guide%20V4.docx?d=wce3b218e963f4448820c3d46c76a1c2a&csf=1&web=1&e=fYLivM","OnePlatform Audit Logging User Guide V4 (2024)") | K4: =HYPERLINK("https://aegonna.sharepoint.com/:w:/r/sites/TechnologySharedPlatform/Public/One%20Platform%20Services/1.%20Audit%20Service/Oneplatform%20Audit%20Logging%20User%20Guide%20V4.docx?d=wce3b218e963f4448820c3d46c76a1c2a&csf=1&web=1&e=fYLivM","OnePlatform Audit Logging User Guide V4 (2024)") -> OnePlatform Audit Logging User Guide V4 (2024)
A5: BUSINESS ENABLEMENT | B5: Do the sdlc components within the solution use the OnePlatform Non-Repudiation Service to ensure users, systems, and external parties cannot deny having performed an action, submitted a transaction, or initiated a request after it has occurred? | C5: Yes | D5: =VLOOKUP(C5,References!D:E,2,FALSE) -> 1 | G5: OnePlatform Non-Repudiation Logging User Guide V2 (2023) | H5: https://aegonna.sharepoint.com/:w:/r/sites/TechnologySharedPlatform/Public/One%20Platform%20Services/8.%20Non-Repudiation%20Service/Oneplatform%20Non-Repudiation%20Logging%20User%20Guide%20V2.docx?d=w14b65ff341894f4b991fa4484b3a3b67&csf=1&web=1&e=cYYEKX | I5: =HYPERLINK(H5,G5) -> OnePlatform Non-Repudiation Logging User Guide V2 (2023) | J5: =CONCATENATE("=hyperlink(""",H5,""",""",G5,""")") -> =hyperlink("https://aegonna.sharepoint.com/:w:/r/sites/TechnologySharedPlatform/Public/One%20Platform%20Services/8.%20Non-Repudiation%20Service/Oneplatform%20Non-Repudiation%20Logging%20User%20Guide%20V2.docx?d=w14b65ff341894f4b991fa4484b3a3b67&csf=1&web=1&e=cYYEKX","OnePlatform Non-Repudiation Logging User Guide V2 (2023)") | K5: =HYPERLINK("https://aegonna.sharepoint.com/:w:/r/sites/TechnologySharedPlatform/Public/One%20Platform%20Services/8.%20Non-Repudiation%20Service/Oneplatform%20Non-Repudiation%20Logging%20User%20Guide%20V2.docx?d=w14b65ff341894f4b991fa4484b3a3b67&csf=1&web=1&e=cYYEKX","OnePlatform Non-Repudiation Logging User Guide V2 (2023)") -> OnePlatform Non-Repudiation Logging User Guide V2 (2023)
A6: BUSINESS ENABLEMENT | B6: Do the sdlc components within the solution use the OnePlatform User Notification Service to send outbound communications—email, SMS, and robocalls - for user notifications? | C6: Yes | D6: =VLOOKUP(C6,References!D:E,2,FALSE) -> 1 | G6: OnePlatform User Notification Guide (2025) | H6: https://aegonna.sharepoint.com/:w:/r/sites/TechnologySharedPlatform/Public/One%20Platform%20Services/9.%20User%20Notification%20Service/User%20Notification%20Guide.docx?d=we557168aa9154789b15cd99896fa1cdd&csf=1&web=1&e=LZwike | I6: =HYPERLINK(H6,G6) -> OnePlatform User Notification Guide (2025) | J6: =CONCATENATE("=hyperlink(""",H6,""",""",G6,""")") -> =hyperlink("https://aegonna.sharepoint.com/:w:/r/sites/TechnologySharedPlatform/Public/One%20Platform%20Services/9.%20User%20Notification%20Service/User%20Notification%20Guide.docx?d=we557168aa9154789b15cd99896fa1cdd&csf=1&web=1&e=LZwike","OnePlatform User Notification Guide (2025)") | K6: =HYPERLINK("https://aegonna.sharepoint.com/:w:/r/sites/TechnologySharedPlatform/Public/One%20Platform%20Services/9.%20User%20Notification%20Service/User%20Notification%20Guide.docx?d=we557168aa9154789b15cd99896fa1cdd&csf=1&web=1&e=LZwike","OnePlatform User Notification Guide (2025)") -> OnePlatform User Notification Guide (2025)
A7: BUSINESS ENABLEMENT | B7: Do the applications / sdlc components within the solution use the OnePlatform Event Notification Service to send event‑driven communication across Transamerica systems? | C7: Yes | D7: =VLOOKUP(C7,References!D:E,2,FALSE) -> 1 | G7: OnePlatform Event Notification Service User Guide v4 (2025) | H7: https://aegonna.sharepoint.com/:w:/r/sites/TechnologySharedPlatform/Public/One%20Platform%20Services/6.%20Event%20Notification%20Service/Event%20Notification%20Service%20User%20Guide%20v4.docx?d=we313efda14c34f17a43b2511200ac518&csf=1&web=1&e=8bSIjO | I7: =HYPERLINK(H7,G7) -> OnePlatform Event Notification Service User Guide v4 (2025) | J7: =CONCATENATE("=hyperlink(""",H7,""",""",G7,""")") -> =hyperlink("https://aegonna.sharepoint.com/:w:/r/sites/TechnologySharedPlatform/Public/One%20Platform%20Services/6.%20Event%20Notification%20Service/Event%20Notification%20Service%20User%20Guide%20v4.docx?d=we313efda14c34f17a43b2511200ac518&csf=1&web=1&e=8bSIjO","OnePlatform Event Notification Service User Guide v4 (2025)") | K7: =HYPERLINK("https://aegonna.sharepoint.com/:w:/r/sites/TechnologySharedPlatform/Public/One%20Platform%20Services/6.%20Event%20Notification%20Service/Event%20Notification%20Service%20User%20Guide%20v4.docx?d=we313efda14c34f17a43b2511200ac518&csf=1&web=1&e=8bSIjO","OnePlatform Event Notification Service User Guide v4 (2025)") -> OnePlatform Event Notification Service User Guide v4 (2025)
A8: BUSINESS ENABLEMENT | B8: Do the applications / sdlc components within the solution use the OnePlatform User Authorization Service to assign, manage, and enforce user permissions, roles, entitlements, and resource access? | C8: Yes | D8: =VLOOKUP(C8,References!D:E,2,FALSE) -> 1 | G8: OnePlatform User Authorization Service (2024) | H8: https://aegonna.sharepoint.com/:w:/r/sites/TechnologySharedPlatform/Public/One%20Platform%20Services/2.%20Authorization%20Service/ONE_PLATFORM_USER_AUTHORIZATION_SERVICE_USER_GUIDE.docx?d=wa20e16d56d1e462ea7d7b59ba5d38d5e&csf=1&web=1&e=QuVaGP | I8: =HYPERLINK(H8,G8) -> OnePlatform User Authorization Service (2024) | J8: =CONCATENATE("=hyperlink(""",H8,""",""",G8,""")") -> =hyperlink("https://aegonna.sharepoint.com/:w:/r/sites/TechnologySharedPlatform/Public/One%20Platform%20Services/2.%20Authorization%20Service/ONE_PLATFORM_USER_AUTHORIZATION_SERVICE_USER_GUIDE.docx?d=wa20e16d56d1e462ea7d7b59ba5d38d5e&csf=1&web=1&e=QuVaGP","OnePlatform User Authorization Service (2024)") | K8: =HYPERLINK("https://aegonna.sharepoint.com/:w:/r/sites/TechnologySharedPlatform/Public/One%20Platform%20Services/2.%20Authorization%20Service/ONE_PLATFORM_USER_AUTHORIZATION_SERVICE_USER_GUIDE.docx?d=wa20e16d56d1e462ea7d7b59ba5d38d5e&csf=1&web=1&e=QuVaGP","OnePlatform User Authorization Service (2024)") -> OnePlatform User Authorization Service (2024)
A9: BUSINESS ENABLEMENT | B9: Does the solution architecture / implementation leverage the One Platform Data Encryption service to ensure data is encrypted at rest and in transit? | C9: Yes | D9: =VLOOKUP(C9,References!D:E,2,FALSE) -> 1 | G9: OnePlatform Data Encryption Service User Guide (2022) | H9: https://aegonna.sharepoint.com/:w:/r/sites/TechnologySharedPlatform/Public/One%20Platform%20Services/5.%20Data%20Encryption%20Service/Data%20Encryption%20Service%20User%20Guide%20v3.docx?d=wd1c5e8ea80454db995c9db5c47d69ba9&csf=1&web=1&e=9cXkVf | I9: =HYPERLINK(H9,G9) -> OnePlatform Data Encryption Service User Guide (2022) | J9: =CONCATENATE("=hyperlink(""",H9,""",""",G9,""")") -> =hyperlink("https://aegonna.sharepoint.com/:w:/r/sites/TechnologySharedPlatform/Public/One%20Platform%20Services/5.%20Data%20Encryption%20Service/Data%20Encryption%20Service%20User%20Guide%20v3.docx?d=wd1c5e8ea80454db995c9db5c47d69ba9&csf=1&web=1&e=9cXkVf","OnePlatform Data Encryption Service User Guide (2022)") | K9: =HYPERLINK("https://aegonna.sharepoint.com/:w:/r/sites/TechnologySharedPlatform/Public/One%20Platform%20Services/5.%20Data%20Encryption%20Service/Data%20Encryption%20Service%20User%20Guide%20v3.docx?d=wd1c5e8ea80454db995c9db5c47d69ba9&csf=1&web=1&e=9cXkVf","OnePlatform Data Encryption Service User Guide (2022)") -> OnePlatform Data Encryption Service User Guide (2022)

Sheet Data Privacy
A1: DATA DOMAIN | E1: =SUM(E3:E8)/COUNT(E3:E8) -> 0.33333333
A2: Category | B2: Review Group | C2: Question | D2: Answer | E2: Scoring | F2: Comments to Explain Answer (Complete this column if explanation is necessary) | G2: Instructions | H2: Links and Further Instructions
A3: Data Privacy | C3: What is the Data Confidentiality Classification for data utilized within the solution? | D3: Unknown | E3: =VLOOKUP(D3,References!AA:AB,2,FALSE) -> -1 | H3: =HYPERLINK("https://aegon.service-now.com/asp?id=kb_article_view&sys_kb_id=a386a88ffbbff618247ffcbfbeefdc27","ITCF - Protect - P04.01.02 Information Security Classification Schema - Appendix A (2021)") -> ITCF - Protect - P04.01.02 Information Security Classification Schema - Appendix A (2021) | J3: https://aegonna.sharepoint.com/sites/GTS-ICC/Intranet/ITCF/Shared%20Documents/Forms/AllItems.aspx?id=%2Fsites%2FGTS%2DICC%2FIntranet%2FITCF%2FShared%20Documents%2FEnablers%20%26%20Checklists&viewid=99189f90%2Df2b0%2D478b%2Da980%2Df93a529e9b18 | K3: =CONCATENATE("=hyperlink(""",J3,""",""",H3,""")") -> =hyperlink("https://aegonna.sharepoint.com/sites/GTS-ICC/Intranet/ITCF/Shared%20Documents/Forms/AllItems.aspx?id=%2Fsites%2FGTS%2DICC%2FIntranet%2FITCF%2FShared%20Documents%2FEnablers%20%26%20Checklists&viewid=99189f90%2Df2b0%2D478b%2Da980%2Df93a529e9b18","ITCF - Protect - P04.01.02 Information Security Classification Schema - Appendix A (2021)") | L3: =HYPERLINK("https://aegonna.sharepoint.com/sites/GTS-ICC/Intranet/ITCF/Shared%20Documents/Forms/AllItems.aspx?id=%2Fsites%2FGTS%2DICC%2FIntranet%2FITCF%2FShared%20Documents%2FEnablers%20%26%20Checklists&viewid=99189f90%2Df2b0%2D478b%2Da980%2Df93a529e9b18","ITCF - Protect - P04.01.02 Information Security Classification Schema - Appendix A (2021)") -> ITCF - Protect - P04.01.02 Information Security Classification Schema - Appendix A (2021)
A4: Data Privacy | C4: What is the Legal & Regulatory Classification for data utilized within the solution? | D4: Unknown | E4: =VLOOKUP(D4,References!AC:AD,2,FALSE) -> -1 | H4: =HYPERLINK("https://aegon.service-now.com/asp?id=kb_article_view&sys_kb_id=a386a88ffbbff618247ffcbfbeefdc27","ITCF - Protect - P04.01.02 Information Security Classification Schema - Appendix A (2021)") -> ITCF - Protect - P04.01.02 Information Security Classification Schema - Appendix A (2021) | J4: https://aegonna.sharepoint.com/sites/GTS-ICC/Intranet/ITCF/Shared%20Documents/Forms/AllItems.aspx?id=%2Fsites%2FGTS%2DICC%2FIntranet%2FITCF%2FShared%20Documents%2FEnablers%20%26%20Checklists&viewid=99189f90%2Df2b0%2D478b%2Da980%2Df93a529e9b18 | K4: =CONCATENATE("=hyperlink(""",J4,""",""",H4,""")") -> =hyperlink("https://aegonna.sharepoint.com/sites/GTS-ICC/Intranet/ITCF/Shared%20Documents/Forms/AllItems.aspx?id=%2Fsites%2FGTS%2DICC%2FIntranet%2FITCF%2FShared%20Documents%2FEnablers%20%26%20Checklists&viewid=99189f90%2Df2b0%2D478b%2Da980%2Df93a529e9b18","ITCF - Protect - P04.01.02 Information Security Classification Schema - Appendix A (2021)") | L4: =HYPERLINK("https://aegonna.sharepoint.com/sites/GTS-ICC/Intranet/ITCF/Shared%20Documents/Forms/AllItems.aspx?id=%2Fsites%2FGTS%2DICC%2FIntranet%2FITCF%2FShared%20Documents%2FEnablers%20%26%20Checklists&viewid=99189f90%2Df2b0%2D478b%2Da980%2Df93a529e9b18","ITCF - Protect - P04.01.02 Information Security Classification Schema - Appendix A (2021)") -> ITCF - Protect - P04.01.02 Information Security Classification Schema - Appendix A (2021)
A5: Data Privacy | C5: Is the solution aligned with our Data Management Policy? | D5: Yes | E5: =VLOOKUP(D5,References!H:I,2,FALSE) -> 1 | H5: =HYPERLINK("https://aegon.sharepoint.com/sites/CC-PolicyHouseGroup-10099/Shared%20Documents/Data%20Management%20Policy.pdf","Data Management Policy (2025)") -> Data Management Policy (2025) | J5: https://aegon.sharepoint.com/sites/CC-PolicyHouseGroup-10099/Shared%20Documents/Data%20Management%20Policy.pdf | K5: =CONCATENATE("=hyperlink(""",J5,""",""",H5,""")") -> =hyperlink("https://aegon.sharepoint.com/sites/CC-PolicyHouseGroup-10099/Shared%20Documents/Data%20Management%20Policy.pdf","Data Management Policy (2025)") | L5: =HYPERLINK("https://aegon.sharepoint.com/sites/CC-PolicyHouseGroup-10099/Shared%20Documents/Data%20Management%20Policy.pdf","Data Management Policy (2025)") -> Data Management Policy (2025)
A6: Data Protection | C6: Is the solution aligned with our Data Encryption Standards? | D6: Yes | E6: =VLOOKUP(D6,References!H:I,2,FALSE) -> 1 | H6: =HYPERLINK("https://aegonna.sharepoint.com/:b:/r/sites/TA-TAInformationSecurityPoliciesandStandards/Public/Transamerica%20Encryption%20Standards.pdf?csf=1&web=1&e=ehl5EJ","Transamerica Encryption Standards (2025)") -> Transamerica Encryption Standards (2025) | J6: https://aegonna.sharepoint.com/:b:/r/sites/TA-TAInformationSecurityPoliciesandStandards/Public/Transamerica%20Encryption%20Standards.pdf?csf=1&web=1&e=ehl5EJ | K6: =CONCATENATE("=hyperlink(""",J6,""",""",H6,""")") -> =hyperlink("https://aegonna.sharepoint.com/:b:/r/sites/TA-TAInformationSecurityPoliciesandStandards/Public/Transamerica%20Encryption%20Standards.pdf?csf=1&web=1&e=ehl5EJ","Transamerica Encryption Standards (2025)") | L6: =HYPERLINK("https://aegonna.sharepoint.com/:b:/r/sites/TA-TAInformationSecurityPoliciesandStandards/Public/Transamerica%20Encryption%20Standards.pdf?csf=1&web=1&e=ehl5EJ","Transamerica Encryption Standards (2025)") -> Transamerica Encryption Standards (2025)
A7: Data Privacy | C7: Is the use of production data limited to production environments? | D7: Yes | E7: =VLOOKUP(D7,References!H:I,2,FALSE) -> 1 | K7: =CONCATENATE("=hyperlink(""",J7,""",""",H7,""")") -> =hyperlink("","") | L7: =HYPERLINK("","")
A8: Data Privacy | C8: If this is a Solution Design Final and the solution leverages new data sources or new use cases for data, has a Data Protection / Privacy Impact Assessment (DPIA) been completed? | D8: Assessment Not Required | E8: =VLOOKUP(D8,References!S:T,2,FALSE) -> 1 | G8: For Component Standards, complete the OneTrust Asset Discovery Questionaire | H8: =HYPERLINK("https://app-de.onetrust.com/auth/login","OneTrust Application") -> OneTrust Application | I8: =HYPERLINK("https://aegonna.sharepoint.com/:p:/r/sites/GEA/Templates/In%20Review/2026%20Enterprise%20Technology%20ARB%20Charter%20%26%20Architecture%20Processes%20Overview.pptx?d=w751dcb168e6d4cc5bd0a17ac94837e7c&csf=1&web=1&e=ZMbkEw","Enterprise Technology ARB Charter - Data Privacy & Protection / Non-Private Data Usage (2026)") -> Enterprise Technology ARB Charter - Data Privacy & Protection / Non-Private Data Usage (2026) | J8: https://app-de.onetrust.com/auth/login | K8: =CONCATENATE("=hyperlink(""",J8,""",""",H8,""")") -> =hyperlink("https://app-de.onetrust.com/auth/login","OneTrust Application") | L8: =HYPERLINK("https://app-de.onetrust.com/auth/login","OneTrust Application") -> OneTrust Application
J9: https://aegonna.sharepoint.com/:p:/r/sites/GEA/Templates/In%20Review/2026%20Enterprise%20Technology%20ARB%20Charter%20%26%20Architecture%20Processes%20Overview.pptx?d=w751dcb168e6d4cc5bd0a17ac94837e7c&csf=1&web=1&e=ZMbkEw | K9: =CONCATENATE("=hyperlink(""",J9,""",""",I8,""")") -> =hyperlink("https://aegonna.sharepoint.com/:p:/r/sites/GEA/Templates/In%20Review/2026%20Enterprise%20Technology%20ARB%20Charter%20%26%20Architecture%20Processes%20Overview.pptx?d=w751dcb168e6d4cc5bd0a17ac94837e7c&csf=1&web=1&e=ZMbkEw","Enterprise Technology ARB Charter - Data Privacy & Protection / Non-Private Data Usage (2026)") | L9: =HYPERLINK("https://aegonna.sharepoint.com/:p:/r/sites/GEA/Templates/In%20Review/2026%20Enterprise%20Technology%20ARB%20Charter%20%26%20Architecture%20Processes%20Overview.pptx?d=w751dcb168e6d4cc5bd0a17ac94837e7c&csf=1&web=1&e=ZMbkEw","Enterprise Technology ARB Charter - Data Privacy & Protection / Non-Private Data Usage (2026)") -> Enterprise Technology ARB Charter - Data Privacy & Protection / Non-Private Data Usage (2026)

Sheet Gen AI
A1: GEN AI DOMAIN | E1: =SUM(E3:E6)/COUNT(E3:E6) -> 1
A2: Category | B2: Review Group | C2: Question | D2: Answer | E2: Scoring | F2: Comments to Explain Answer (Complete this column if explanation is necessary) | G2: Instructions | H2: Links and Further Instructions | L2: Links and Further Instructions
A3: Gen AI | C3: Are GEN AI use cases a part of the solution design? | D3: N/A | E3: 1 | H3: =HYPERLINK("https://aegon.sharepoint.com/:b:/r/sites/CC-PolicyHouseGroup-10099/Shared%20Documents/Generative%20AI%20Policy.pdf?csf=1&web=1&e=ER9yPo","Global Gen AI Policy (2025)") -> Global Gen AI Policy (2025) | I3: https://aegon.sharepoint.com/:b:/r/sites/CC-PolicyHouseGroup-10099/Shared%20Documents/Generative%20AI%20Policy.pdf?csf=1&web=1&e=ER9yPo | J3: =CONCATENATE("=hyperlink(""",I3,""",""",H3,""")") -> =hyperlink("https://aegon.sharepoint.com/:b:/r/sites/CC-PolicyHouseGroup-10099/Shared%20Documents/Generative%20AI%20Policy.pdf?csf=1&web=1&e=ER9yPo","Global Gen AI Policy (2025)") | K3: =HYPERLINK("https://aegon.sharepoint.com/:b:/r/sites/CC-PolicyHouseGroup-10099/Shared%20Documents/Generative%20AI%20Policy.pdf?csf=1&web=1&e=ER9yPo","Global Gen AI Policy (2025)") -> Global Gen AI Policy (2025)
A4: Gen AI | C4: Is the GEN AI Inventory updated with the use cases and is it Approved? | D4: No GEN AI | E4: =VLOOKUP(D4,References!AE:AF,2,FALSE) -> 1 | G4: Input GEN AI Inventory Number | H4: =HYPERLINK("https://aegon.sharepoint.com/sites/GTS-GlobalAIInventory-GTS-GenAI/Lists/Global%20AI%20Inventory%20%20GTS/AllItems.aspx","GenAI Inventory (SharePoint Site)") -> GenAI Inventory (SharePoint Site) | I4: https://aegon.sharepoint.com/sites/GTS-GlobalAIInventory-GTS-GenAI/Lists/Global%20AI%20Inventory%20%20GTS/AllItems.aspx | J4: =CONCATENATE("=hyperlink(""",I4,""",""",H4,""")") -> =hyperlink("https://aegon.sharepoint.com/sites/GTS-GlobalAIInventory-GTS-GenAI/Lists/Global%20AI%20Inventory%20%20GTS/AllItems.aspx","GenAI Inventory (SharePoint Site)") | K4: =HYPERLINK("https://aegon.sharepoint.com/sites/GTS-GlobalAIInventory-GTS-GenAI/Lists/Global%20AI%20Inventory%20%20GTS/AllItems.aspx","GenAI Inventory (SharePoint Site)") -> GenAI Inventory (SharePoint Site)
A5: Gen AI | C5: Is the GEN AI Risk Rating is assigned? | D5: No GEN AI | E5: =VLOOKUP(D5,References!AE:AF,2,FALSE) -> 1 | G5: Input Gen AI Risk Rating | H5: =HYPERLINK("https://aegon.sharepoint.com/sites/GTS-GlobalAIInventory-GTS-GenAI/Lists/Global%20AI%20Inventory%20%20GTS/AllItems.aspx","GenAI Inventory (SharePoint Site)") -> GenAI Inventory (SharePoint Site) | I5: https://aegon.sharepoint.com/sites/GTS-GlobalAIInventory-GTS-GenAI/Lists/Global%20AI%20Inventory%20%20GTS/AllItems.aspx | J5: =CONCATENATE("=hyperlink(""",I5,""",""",H5,""")") -> =hyperlink("https://aegon.sharepoint.com/sites/GTS-GlobalAIInventory-GTS-GenAI/Lists/Global%20AI%20Inventory%20%20GTS/AllItems.aspx","GenAI Inventory (SharePoint Site)") | K5: =HYPERLINK("https://aegon.sharepoint.com/sites/GTS-GlobalAIInventory-GTS-GenAI/Lists/Global%20AI%20Inventory%20%20GTS/AllItems.aspx","GenAI Inventory (SharePoint Site)") -> GenAI Inventory (SharePoint Site) | L5: Holly Roth is the contact for the GEN AI group. The distribution email is: AITeam@transamerica.com
A6: Gen AI | C6: For new LLMs, what is the LLM Impact Assessment Status? | D6: Assessment Not Required | E6: =VLOOKUP(D6,References!S:T,2,FALSE) -> 1 | G6: Required to be Completed for FINALs where first time use of LLM is in Scope | H6: =HYPERLINK("https://aegonna.sharepoint.com/sites/GTS-GlobalEngineeringandArchitecture/Shared%20Documents/GTS%20Architecture%20Documents/Intake%20Process/GenAI%20Documentation/LLM%20IMPACT%20ASSESSMENT.docx","LLM Impact Assessment Form (Word Doc)") -> LLM Impact Assessment Form (Word Doc) | I6: https://aegonna.sharepoint.com/GTS-GlobalEngineeringandArchitecture/Shared%20Documents/GTS%20Architecture%20Documents/Intake%20Process/GenAI%20Documentation/LLM%20IMPACT%20ASSESSMENT.docx | J6: =CONCATENATE("=hyperlink(""",I6,""",""",H6,""")") -> =hyperlink("https://aegonna.sharepoint.com/GTS-GlobalEngineeringandArchitecture/Shared%20Documents/GTS%20Architecture%20Documents/Intake%20Process/GenAI%20Documentation/LLM%20IMPACT%20ASSESSMENT.docx","LLM Impact Assessment Form (Word Doc)") | K6: =HYPERLINK("https://aegonna.sharepoint.com/GTS-GlobalEngineeringandArchitecture/Shared%20Documents/GTS%20Architecture%20Documents/Intake%20Process/GenAI%20Documentation/LLM%20IMPACT%20ASSESSMENT.docx","LLM Impact Assessment Form (Word Doc)") -> LLM Impact Assessment Form (Word Doc)

Sheet Security
A1: SECURITY DOMAIN | D1: =SUM(D3:D13)/COUNT(D3:D13) -> 0.81818182
A2: Category | B2: Question | C2: Answer | D2: Scoring | E2: Comments to Explain Answer (Complete this column if explanation is necessary) | F2: Instructions | G2: Links and Further Instructions
A3: Security | B3: Is the solution aligned with our Network/Application Segmentation Guidance? | C3: Yes | D3: =VLOOKUP(C3,References!D:E,2,FALSE) -> 1 | G3: =HYPERLINK("https://aegonna.sharepoint.com/:w:/r/sites/GTS-GlobalARB/Shared%20Documents/Global%20Cloud%20Application%20Network%20Segmentation%20Guidance/Global%20Cloud%20Application%20Network%20Segmentation%20Guidance.docx","Global Cloud Application Network Segmentation Guidance (Draft - 2026)") -> Global Cloud Application Network Segmentation Guidance (Draft - 2026) | H3: https://aegonna.sharepoint.com/:w:/r/sites/GTS-GlobalARB/Shared%20Documents/Global%20Cloud%20Application%20Network%20Segmentation%20Guidance/Global%20Cloud%20Application%20Network%20Segmentation%20Guidance.docx | I3: =CONCATENATE("=hyperlink(""",H3,""",""",G3,""")") -> =hyperlink("https://aegonna.sharepoint.com/:w:/r/sites/GTS-GlobalARB/Shared%20Documents/Global%20Cloud%20Application%20Network%20Segmentation%20Guidance/Global%20Cloud%20Application%20Network%20Segmentation%20Guidance.docx","Global Cloud Application Network Segmentation Guidance (Draft - 2026)") | J3: =HYPERLINK("https://aegonna.sharepoint.com/:w:/r/sites/GTS-GlobalARB/Shared%20Documents/Global%20Cloud%20Application%20Network%20Segmentation%20Guidance/Global%20Cloud%20Application%20Network%20Segmentation%20Guidance.docx","Global Cloud Application Network Segmentation Guidance (Draft - 2026)") -> Global Cloud Application Network Segmentation Guidance (Draft - 2026)
A4: Security | B4: Is the solution aligned with the Transamerica Security Logging & Monitoring Process? | C4: N/A | D4: =VLOOKUP(C4,References!D:E,2,FALSE) -> 1 | G4: =HYPERLINK("https://aegonna.sharepoint.com/:b:/r/sites/TA-TAInformationSecurityPoliciesandStandards/Public/Transamerica%20Logging%20and%20Monitoring%20Process.pdf?csf=1&web=1&e=tXZpbL","Transamerica Security Logging & Monitoring Process (2025)") -> Transamerica Security Logging & Monitoring Process (2025) | H4: https://aegonna.sharepoint.com/:b:/r/sites/TA-TAInformationSecurityPoliciesandStandards/Public/Transamerica%20Logging%20and%20Monitoring%20Process.pdf?csf=1&web=1&e=tXZpbL | I4: =CONCATENATE("=hyperlink(""",H4,""",""",G4,""")") -> =hyperlink("https://aegonna.sharepoint.com/:b:/r/sites/TA-TAInformationSecurityPoliciesandStandards/Public/Transamerica%20Logging%20and%20Monitoring%20Process.pdf?csf=1&web=1&e=tXZpbL","Transamerica Security Logging & Monitoring Process (2025)") | J4: =HYPERLINK("https://aegonna.sharepoint.com/:b:/r/sites/TA-TAInformationSecurityPoliciesandStandards/Public/Transamerica%20Logging%20and%20Monitoring%20Process.pdf?csf=1&web=1&e=tXZpbL","Transamerica Security Logging & Monitoring Process (2025)") -> Transamerica Security Logging & Monitoring Process (2025)
A5: Security | B5: Does the architecture integrate with approved Identity and Access Management tooling? | C5: Yes | D5: =VLOOKUP(C5,References!D:E,2,FALSE) -> 1 | F5: PingOne, Okta, ISAM | G5: =HYPERLINK("https://aegonna.sharepoint.com/:w:/r/sites/GTS-GlobalARB/Global%20Architecture%20Informational%20Presentations/GTS%20Architecture%20CIAM%20Position%20Paper.docx?d=w82978e8df5654367b76bc39f9a585957&csf=1&web=1&e=lGjf0q","Global Architecture IAM Position Paper (2024)") -> Global Architecture IAM Position Paper (2024) | H5: https://aegonna.sharepoint.com/:w:/r/sites/GTS-GlobalARB/Global%20Architecture%20Informational%20Presentations/GTS%20Architecture%20CIAM%20Position%20Paper.docx?d=w82978e8df5654367b76bc39f9a585957&csf=1&web=1&e=lGjf0q | I5: =CONCATENATE("=hyperlink(""",H5,""",""",G5,""")") -> =hyperlink("https://aegonna.sharepoint.com/:w:/r/sites/GTS-GlobalARB/Global%20Architecture%20Informational%20Presentations/GTS%20Architecture%20CIAM%20Position%20Paper.docx?d=w82978e8df5654367b76bc39f9a585957&csf=1&web=1&e=lGjf0q","Global Architecture IAM Position Paper (2024)") | J5: =HYPERLINK("https://aegonna.sharepoint.com/:w:/r/sites/GTS-GlobalARB/Global%20Architecture%20Informational%20Presentations/GTS%20Architecture%20CIAM%20Position%20Paper.docx?d=w82978e8df5654367b76bc39f9a585957&csf=1&web=1&e=lGjf0q","Global Architecture IAM Position Paper (2024)") -> Global Architecture IAM Position Paper (2024)
A6: Security | B6: Is the solution integrated with our Identity Access Governance platform tool and processes | C6: Yes | D6: =VLOOKUP(C6,References!D:E,2,FALSE) -> 1 | F6: Sailpoint | G6: =HYPERLINK("https://aegonna.sharepoint.com/:w:/r/sites/GEA/Project%20Solutions/SailPoint%20Solution%20Design%20Updates.docx?d=w474be95ffaae41a78a1451567eaa0d91&csf=1&web=1&e=Ryfqym","SailPoint Solution Design (2025)") -> SailPoint Solution Design (2025) | H6: https://aegonna.sharepoint.com/:w:/r/sites/GEA/Project%20Solutions/SailPoint%20Solution%20Design%20Updates.docx?d=w474be95ffaae41a78a1451567eaa0d91&csf=1&web=1&e=Ryfqym | I6: =CONCATENATE("=hyperlink(""",H6,""",""",G6,""")") -> =hyperlink("https://aegonna.sharepoint.com/:w:/r/sites/GEA/Project%20Solutions/SailPoint%20Solution%20Design%20Updates.docx?d=w474be95ffaae41a78a1451567eaa0d91&csf=1&web=1&e=Ryfqym","SailPoint Solution Design (2025)") | J6: =HYPERLINK("https://aegonna.sharepoint.com/:w:/r/sites/GEA/Project%20Solutions/SailPoint%20Solution%20Design%20Updates.docx?d=w474be95ffaae41a78a1451567eaa0d91&csf=1&web=1&e=Ryfqym","SailPoint Solution Design (2025)") -> SailPoint Solution Design (2025)
A7: Security | B7: Is the solution aligned with Global MFA Guidance? | C7: N/A | D7: =VLOOKUP(C7,References!D:E,2,FALSE) -> 1 | G7: =HYPERLINK("https://aegonna.sharepoint.com/sites/GTS-GlobalARB/Lists/Aegon%20Global%20ARB%20Calendar%20and%20Decisions/DispForm.aspx?ID=24&e=SaQhKt","Global Multi-Factor Authentication Architecture Guidance (2025)") -> Global Multi-Factor Authentication Architecture Guidance (2025) | H7: https://aegonna.sharepoint.com/GTS-GlobalARB/Lists/Aegon%20Global%20ARB%20Calendar%20and%20Decisions/DispForm.aspx?ID=24&e=SaQhKt | I7: =CONCATENATE("=hyperlink(""",H7,""",""",G7,""")") -> =hyperlink("https://aegonna.sharepoint.com/GTS-GlobalARB/Lists/Aegon%20Global%20ARB%20Calendar%20and%20Decisions/DispForm.aspx?ID=24&e=SaQhKt","Global Multi-Factor Authentication Architecture Guidance (2025)") | J7: =HYPERLINK("https://aegonna.sharepoint.com/sites/GTS-GlobalARB/Lists/Aegon%20Global%20ARB%20Calendar%20and%20Decisions/DispForm.aspx?ID=24&e=SaQhKt","Global Multi-Factor Authentication Architecture Guidance (2025)") -> Global Multi-Factor Authentication Architecture Guidance (2025)
A8: Security | B8: Is the solution aligned with our Secrets Management Guidance? | C8: N/A | D8: =VLOOKUP(C8,References!D:E,2,FALSE) -> 1 | F8: Cyberark, AWS Secrets Manager | G8: =HYPERLINK("https://aegonna.sharepoint.com/:p:/r/sites/GEA/Reference%20Architecture/Secrets%20Management%20Tool%20Guidelines.pptx?d=w33fada90e2c142e5a650811b2840f87e&csf=1&web=1&e=0ER6dW","Secrets Management Guidance (2022)") -> Secrets Management Guidance (2022) | H8: https://aegonna.sharepoint.com/:p:/r/sites/GEA/Reference%20Architecture/Secrets%20Management%20Tool%20Guidelines.pptx?d=w33fada90e2c142e5a650811b2840f87e&csf=1&web=1&e=0ER6dW | I8: =CONCATENATE("=hyperlink(""",H8,""",""",G8,""")") -> =hyperlink("https://aegonna.sharepoint.com/:p:/r/sites/GEA/Reference%20Architecture/Secrets%20Management%20Tool%20Guidelines.pptx?d=w33fada90e2c142e5a650811b2840f87e&csf=1&web=1&e=0ER6dW","Secrets Management Guidance (2022)") | J8: =HYPERLINK("https://aegonna.sharepoint.com/:p:/r/sites/GEA/Reference%20Architecture/Secrets%20Management%20Tool%20Guidelines.pptx?d=w33fada90e2c142e5a650811b2840f87e&csf=1&web=1&e=0ER6dW","Secrets Management Guidance (2022)") -> Secrets Management Guidance (2022)
A9: Security | B9: Is the solution aligned with our Certificate Management Guidance? | C9: N/A | D9: =VLOOKUP(C9,References!D:E,2,FALSE) -> 1 | F9: Keyfactor | G9: =HYPERLINK("https://aegonna.sharepoint.com/sites/GTS-GlobalARB/Lists/Aegon%20Global%20ARB%20Calendar%20and%20Decisions/DispForm.aspx?ID=67&e=aFEmdQ","Global Certificate Management Guidance (2025)") -> Global Certificate Management Guidance (2025) | H9: https://aegonna.sharepoint.com/GTS-GlobalARB/Lists/Aegon%20Global%20ARB%20Calendar%20and%20Decisions/DispForm.aspx?ID=67&e=aFEmdQ | I9: =CONCATENATE("=hyperlink(""",H9,""",""",G9,""")") -> =hyperlink("https://aegonna.sharepoint.com/GTS-GlobalARB/Lists/Aegon%20Global%20ARB%20Calendar%20and%20Decisions/DispForm.aspx?ID=67&e=aFEmdQ","Global Certificate Management Guidance (2025)") | J9: =HYPERLINK("https://aegonna.sharepoint.com/sites/GTS-GlobalARB/Lists/Aegon%20Global%20ARB%20Calendar%20and%20Decisions/DispForm.aspx?ID=67&e=aFEmdQ","Global Certificate Management Guidance (2025)") -> Global Certificate Management Guidance (2025)
A10: Security | B10: Is the solution aligned with our Privileged Access Management tooling, process and controls? | C10: Yes | D10: =VLOOKUP(C10,References!D:E,2,FALSE) -> 1 | F10: CyberArk | G10: =HYPERLINK("https://aegonna.sharepoint.com/:w:/r/sites/TA-TAWorkplaceDevOperateTeam/Shared%20Documents/Douglas%20Macnab%20Folder/Aegon%20Privileged%20Access%20Management%20Process%20%26%20Controls.docx?d=w379e4695caba41ddb8f31ddcdb9366c3&csf=1&web=1&e=kgHYo5","Aegon Privileged Access Management Process & Controls (2022)") -> Aegon Privileged Access Management Process & Controls (2022) | H10: https://aegonna.sharepoint.com/:w:/r/sites/TA-TAWorkplaceDevOperateTeam/Shared%20Documents/Douglas%20Macnab%20Folder/Aegon%20Privileged%20Access%20Management%20Process%20%26%20Controls.docx?d=w379e4695caba41ddb8f31ddcdb9366c3&csf=1&web=1&e=kgHYo5 | I10: =CONCATENATE("=hyperlink(""",H10,""",""",G10,""")") -> =hyperlink("https://aegonna.sharepoint.com/:w:/r/sites/TA-TAWorkplaceDevOperateTeam/Shared%20Documents/Douglas%20Macnab%20Folder/Aegon%20Privileged%20Access%20Management%20Process%20%26%20Controls.docx?d=w379e4695caba41ddb8f31ddcdb9366c3&csf=1&web=1&e=kgHYo5","Aegon Privileged Access Management Process & Controls (2022)") | J10: =HYPERLINK("https://aegonna.sharepoint.com/:w:/r/sites/TA-TAWorkplaceDevOperateTeam/Shared%20Documents/Douglas%20Macnab%20Folder/Aegon%20Privileged%20Access%20Management%20Process%20%26%20Controls.docx?d=w379e4695caba41ddb8f31ddcdb9366c3&csf=1&web=1&e=kgHYo5","Aegon Privileged Access Management Process & Controls (2022)") -> Aegon Privileged Access Management Process & Controls (2022)
A11: Security | B11: What is the Security Review Status? | C11: Review Initiated | D11: =VLOOKUP(C11,References!AY:AZ,2,FALSE) -> -1 | G11: =HYPERLINK("https://aegonna.sharepoint.com/:p:/r/sites/GEA/Templates/In%20Review/2026%20Enterprise%20Technology%20ARB%20Charter%20%26%20Architecture%20Processes%20Overview.pptx?d=w751dcb168e6d4cc5bd0a17ac94837e7c&csf=1&web=1&e=AM6hRW","Enterprise Technology ARB Charter & Architecture Processes Overview - Security Integration (2026)") -> Enterprise Technology ARB Charter & Architecture Processes Overview - Security Integration (2026) | H11: https://aegonna.sharepoint.com/:p:/r/sites/GEA/Templates/In%20Review/2026%20Enterprise%20Technology%20ARB%20Charter%20%26%20Architecture%20Processes%20Overview.pptx?d=w751dcb168e6d4cc5bd0a17ac94837e7c&csf=1&web=1&e=AM6hRW | I11: =CONCATENATE("=hyperlink(""",H11,""",""",G11,""")") -> =hyperlink("https://aegonna.sharepoint.com/:p:/r/sites/GEA/Templates/In%20Review/2026%20Enterprise%20Technology%20ARB%20Charter%20%26%20Architecture%20Processes%20Overview.pptx?d=w751dcb168e6d4cc5bd0a17ac94837e7c&csf=1&web=1&e=AM6hRW","Enterprise Technology ARB Charter & Architecture Processes Overview - Security Integration (2026)") | J11: =HYPERLINK("https://aegonna.sharepoint.com/:p:/r/sites/GEA/Templates/In%20Review/2026%20Enterprise%20Technology%20ARB%20Charter%20%26%20Architecture%20Processes%20Overview.pptx?d=w751dcb168e6d4cc5bd0a17ac94837e7c&csf=1&web=1&e=AM6hRW","Enterprise Technology ARB Charter & Architecture Processes Overview - Security Integration (2026)") -> Enterprise Technology ARB Charter & Architecture Processes Overview - Security Integration (2026)
A12: Security | B12: Does the solution architecture / implementation meet the minimum security requirements by app risk rating requirements? | C12: Yes | D12: =VLOOKUP(C12,References!D:E,2,FALSE) -> 1 | G12: =HYPERLINK("https://aegonna.sharepoint.com/:p:/s/GEA/cQr7F2hx5WGuQ7YvZOjTlEATEgUAegZ3q5TiBVPlY7cEx_fJkw","Global Minimum Security Requirements by App Risk Rating (2025)") -> Global Minimum Security Requirements by App Risk Rating (2025) | H12: https://aegonna.sharepoint.com/:p:/s/GEA/cQr7F2hx5WGuQ7YvZOjTlEATEgUAegZ3q5TiBVPlY7cEx_fJkw | I12: =CONCATENATE("=hyperlink(""",H12,""",""",G12,""")") -> =hyperlink("https://aegonna.sharepoint.com/:p:/s/GEA/cQr7F2hx5WGuQ7YvZOjTlEATEgUAegZ3q5TiBVPlY7cEx_fJkw","Global Minimum Security Requirements by App Risk Rating (2025)") | J12: =HYPERLINK("https://aegonna.sharepoint.com/:p:/s/GEA/cQr7F2hx5WGuQ7YvZOjTlEATEgUAegZ3q5TiBVPlY7cEx_fJkw","Global Minimum Security Requirements by App Risk Rating (2025)") -> Global Minimum Security Requirements by App Risk Rating (2025)
A13: Security | B13: For new software / systems presented for solution design initial or final with High Complexity requirements or architecturally significant changes, is the Threat Model Assessment complete? | C13: N/A | D13: =VLOOKUP(C13,References!H:I,2,FALSE) -> 1 | G13: =HYPERLINK("https://aegon.service-now.com/asp?id=sc_cat_item&sys_id=21b08b8a83e2ce50282ad2126daad3fd","Threat Model Request (ServiceNow Form)") -> Threat Model Request (ServiceNow Form) | H13: https://aegon.service-now.com/asp?id=sc_cat_item&sys_id=21b08b8a83e2ce50282ad2126daad3fd | I13: =CONCATENATE("=hyperlink(""",H13,""",""",G13,""")") -> =hyperlink("https://aegon.service-now.com/asp?id=sc_cat_item&sys_id=21b08b8a83e2ce50282ad2126daad3fd","Threat Model Request (ServiceNow Form)") | J13: =HYPERLINK("https://aegon.service-now.com/asp?id=sc_cat_item&sys_id=21b08b8a83e2ce50282ad2126daad3fd","Threat Model Request (ServiceNow Form)") -> Threat Model Request (ServiceNow Form)

Sheet Risks
A1: RISKS DOMAIN | E1: =SUM(E3:E5)/COUNT(E3:E5) -> 1
A2: Category | B2: Review Group | C2: Question | D2: Answer | E2: Scoring | F2: Comments to Explain Answer (Complete this column if explanation is necessary) | G2: Instructions | H2: Links and Further Instructions
A3: Risks | C3: Has the Global IT Risk Catalog and / or TA IT Controls Assessment been reviewed by the team to identify relevant requirements for the implementation? | D3: Yes | E3: =VLOOKUP(D3,References!D:E,2,FALSE) -> 1 | G3: Reviewing the risk catalog and control catalog as part of requirements identification will help ensure the implementation is aligned to standards for security, compliance, quality | H3: =HYPERLINK("https://aegonna.sharepoint.com/sites/GTS-GTSRiskReviewAssessment/Lists/Risk%20Catalog/AddRiskDescriptions.aspx","Global Technology Solution Assessment (TSA) Risk Catalog") -> Global Technology Solution Assessment (TSA) Risk Catalog | I3: =HYPERLINK("https://aegonna.sharepoint.com/:x:/r/sites/TA-ProjectMethodology/Shared%20Documents/M2%20-%20M6%20Plan%20%26%20Analyze/Integrated%20IT%20Controls%20Assessment%20(Final).xlsx?d=w9feba36ffb554e18b22722fa9187a4c4&csf=1&web=1&e=aRbbE1","TA Integrated Controls List (2025)") -> TA Integrated Controls List (2025) | K3: https://aegonna.sharepoint.com/GTS-GTSRiskReviewAssessment/Lists/Risk%20Catalog/AddRiskDescriptions.aspx | L3: =CONCATENATE("=hyperlink(""",K3,""",""",H3,""")") -> =hyperlink("https://aegonna.sharepoint.com/GTS-GTSRiskReviewAssessment/Lists/Risk%20Catalog/AddRiskDescriptions.aspx","Global Technology Solution Assessment (TSA) Risk Catalog") | M3: =HYPERLINK("https://aegonna.sharepoint.com/GTS-GTSRiskReviewAssessment/Lists/Risk%20Catalog/AddRiskDescriptions.aspx","Global Technology Solution Assessment (TSA) Risk Catalog") -> Global Technology Solution Assessment (TSA) Risk Catalog
A4: Risks | C4: What is the status of the Technology Solution Assessment (TSA)? | D4: Assessment Not Required | E4: =VLOOKUP(D4,References!S:T,2,FALSE) -> 1 | G4: Required for Final ARB: To request a Technology Solution Assessment, contact Matyas.Vajda@aegon.com and Rachel.Singewald@transamerica.com | H4: =HYPERLINK("https://aegonna.sharepoint.com/:p:/r/sites/GEA/Templates/In%20Review/2026%20Enterprise%20Technology%20ARB%20Charter%20%26%20Architecture%20Processes%20Overview.pptx?d=w751dcb168e6d4cc5bd0a17ac94837e7c&csf=1&web=1&e=AM6hRW","See Enterprise Technology Architecture Review Board Charter - Risk Assessment Integration Slides for More Information (2026)") -> See Enterprise Technology Architecture Review Board Charter - Risk Assessment Integration Slides for More Information (2026) | I4: =HYPERLINK("https://aegonna.sharepoint.com/sites/GTS-GTSRiskReviewAssessment/Lists/Technology%20Risk%20Reviews/All%20Columns.aspx","Global Technology Solution Assessment (TSA) Register (SharePoint)") -> Global Technology Solution Assessment (TSA) Register (SharePoint) | J4: =HYPERLINK("https://aegonna.sharepoint.com/sites/TA-IntegratedITControlsAssessment","​Transamerica IT Controls Register (PowerApp)") -> ​Transamerica IT Controls Register (PowerApp) | K4: https://aegonna.sharepoint.com/:p:/r/sites/GEA/Templates/In%20Review/2026%20Enterprise%20Technology%20ARB%20Charter%20%26%20Architecture%20Processes%20Overview.pptx?d=w751dcb168e6d4cc5bd0a17ac94837e7c&csf=1&web=1&e=AM6hRW | L4: =CONCATENATE("=hyperlink(""",K4,""",""",H4,""")") -> =hyperlink("https://aegonna.sharepoint.com/:p:/r/sites/GEA/Templates/In%20Review/2026%20Enterprise%20Technology%20ARB%20Charter%20%26%20Architecture%20Processes%20Overview.pptx?d=w751dcb168e6d4cc5bd0a17ac94837e7c&csf=1&web=1&e=AM6hRW","See Enterprise Technology Architecture Review Board Charter - Risk Assessment Integration Slides for More Information (2026)") | M4: =HYPERLINK("https://aegonna.sharepoint.com/:p:/r/sites/GEA/Templates/In%20Review/2026%20Enterprise%20Technology%20ARB%20Charter%20%26%20Architecture%20Processes%20Overview.pptx?d=w751dcb168e6d4cc5bd0a17ac94837e7c&csf=1&web=1&e=AM6hRW","See Enterprise Technology Architecture Review Board Charter - Risk Assessment Integration Slides for More Information (2026)") -> See Enterprise Technology Architecture Review Board Charter - Risk Assessment Integration Slides for More Information (2026)
A5: Risks | C5: Are exceptions to standards properly logged as Risk Acceptances or Risk Remediations? | D5: N/A | E5: =VLOOKUP(D5,References!D:E,2,FALSE) -> 1 | G5: Exceptions to standards must be logged using the Risk Treatment framework and approved prior to receiving ARB approval | H5: =HYPERLINK("https://aegon.service-now.com/kb?sys_kb_id=4a4481592b5a7254c449f892c891bfcf&id=kb_article_view&sysparm_rank=2&sysparm_tsqueryId=43e4899133563290692689b32d5c7b18","IRM Knowledge - Risk Treatment Framework (Knowledge Article)") -> IRM Knowledge - Risk Treatment Framework (Knowledge Article) | I5: =HYPERLINK("https://aegon.service-now.com/asp?id=sc_cat_item&sys_id=c2b0c6e7870d7e146a54646e8bbb354f","Risk Intake Form - Complete to initiate Risk Treatment Process for an exception to standards") -> Risk Intake Form - Complete to initiate Risk Treatment Process for an exception to standards | K5: https://aegon.service-now.com/kb?sys_kb_id=4a4481592b5a7254c449f892c891bfcf&id=kb_article_view&sysparm_rank=2&sysparm_tsqueryId=43e4899133563290692689b32d5c7b18 | L5: =CONCATENATE("=hyperlink(""",K5,""",""",H5,""")") -> =hyperlink("https://aegon.service-now.com/kb?sys_kb_id=4a4481592b5a7254c449f892c891bfcf&id=kb_article_view&sysparm_rank=2&sysparm_tsqueryId=43e4899133563290692689b32d5c7b18","IRM Knowledge - Risk Treatment Framework (Knowledge Article)") | M5: =HYPERLINK("https://aegon.service-now.com/kb?sys_kb_id=4a4481592b5a7254c449f892c891bfcf&id=kb_article_view&sysparm_rank=2&sysparm_tsqueryId=43e4899133563290692689b32d5c7b18","IRM Knowledge - Risk Treatment Framework (Knowledge Article)") -> IRM Knowledge - Risk Treatment Framework (Knowledge Article)
A6: Risks | C6: Are logged risks accepted by the owner of the related policy / standard? | D6: N/A | E6: =VLOOKUP(D6,References!D:E,2,FALSE) -> 1 | K6: https://aegonna.sharepoint.com/:x:/r/sites/TA-ProjectMethodology/Shared%20Documents/M2%20-%20M6%20Plan%20%26%20Analyze/Integrated%20IT%20Controls%20Assessment%20(Final).xlsx?d=w9feba36ffb554e18b22722fa9187a4c4&csf=1&web=1&e=aRbbE1 | L6: =CONCATENATE("=hyperlink(""",K6,""",""",I3,""")") -> =hyperlink("https://aegonna.sharepoint.com/:x:/r/sites/TA-ProjectMethodology/Shared%20Documents/M2%20-%20M6%20Plan%20%26%20Analyze/Integrated%20IT%20Controls%20Assessment%20(Final).xlsx?d=w9feba36ffb554e18b22722fa9187a4c4&csf=1&web=1&e=aRbbE1","TA Integrated Controls List (2025)") | M6: =HYPERLINK("https://aegonna.sharepoint.com/:x:/r/sites/TA-ProjectMethodology/Shared%20Documents/M2%20-%20M6%20Plan%20%26%20Analyze/Integrated%20IT%20Controls%20Assessment%20(Final).xlsx?d=w9feba36ffb554e18b22722fa9187a4c4&csf=1&web=1&e=aRbbE1","TA Integrated Controls List (2025)") -> TA Integrated Controls List (2025)
A7: Risks | C7: Are logged remediations defined with remediation plans agreed to by the remediation owner? | D7: N/A | E7: =VLOOKUP(D7,References!D:E,2,FALSE) -> 1 | K7: https://aegonna.sharepoint.com/GTS-GTSRiskReviewAssessment/Lists/Technology%20Risk%20Reviews/All%20Columns.aspx | L7: =CONCATENATE("=hyperlink(""",K7,""",""",I4,""")") -> =hyperlink("https://aegonna.sharepoint.com/GTS-GTSRiskReviewAssessment/Lists/Technology%20Risk%20Reviews/All%20Columns.aspx","Global Technology Solution Assessment (TSA) Register (SharePoint)") | M7: =HYPERLINK("https://aegonna.sharepoint.com/GTS-GTSRiskReviewAssessment/Lists/Technology%20Risk%20Reviews/All%20Columns.aspx","Global Technology Solution Assessment (TSA) Register (SharePoint)") -> Global Technology Solution Assessment (TSA) Register (SharePoint)
K8: https://aegon.service-now.com/asp?id=sc_cat_item&sys_id=c2b0c6e7870d7e146a54646e8bbb354f | L8: =CONCATENATE("=hyperlink(""",K8,""",""",I5,""")") -> =hyperlink("https://aegon.service-now.com/asp?id=sc_cat_item&sys_id=c2b0c6e7870d7e146a54646e8bbb354f","Risk Intake Form - Complete to initiate Risk Treatment Process for an exception to standards") | M8: =HYPERLINK("https://aegon.service-now.com/asp?id=sc_cat_item&sys_id=c2b0c6e7870d7e146a54646e8bbb354f","Risk Intake Form - Complete to initiate Risk Treatment Process for an exception to standards") -> Risk Intake Form - Complete to initiate Risk Treatment Process for an exception to standards
K10: https://aegonna.sharepoint.com/TA-IntegratedITControlsAssessment | L10: =CONCATENATE("=hyperlink(""",K10,""",""",J4,""")") -> =hyperlink("https://aegonna.sharepoint.com/TA-IntegratedITControlsAssessment","​Transamerica IT Controls Register (PowerApp)") | M10: =HYPERLINK("https://aegonna.sharepoint.com/TA-IntegratedITControlsAssessment","​Transamerica IT Controls Register (PowerApp)") -> ​Transamerica IT Controls Register (PowerApp)

Sheet Performance
A1: PERFORMANCE DOMAIN | E1: =SUM(E13:E13)/COUNT(E13:E13) -> 1
A2: Category | B2: Review Group | C2: Question | D2: Answer | E2: Scoring | F2: Instructions/Comments | G2: Links and Further Instructions
A3: PERFORMANCE? | C3: Are observability, monitoring, and logging requirements defined and accounted for within the solution design and architecture? | E3: =IF(D3="Yes",1,IF(D3="N/A",1,0)) -> 0 | F3: THIS IS IN SECURITY ALERADY
A4: Performance | D4: Yes | E4: =VLOOKUP(D4,References!W:X,2,FALSE) -> 1
A5: Performance | D5: Yes | E5: =VLOOKUP(D5,References!W:X,2,FALSE) -> 1
A6: Performance | D6: Yes | E6: =VLOOKUP(D6,References!W:X,2,FALSE) -> 1
A7: Performance | D7: Yes | E7: =VLOOKUP(D7,References!W:X,2,FALSE) -> 1
A8: Performance | D8: Yes | E8: =VLOOKUP(D8,References!W:X,2,FALSE) -> 1
A9: Performance | D9: Yes | E9: =VLOOKUP(D9,References!W:X,2,FALSE) -> 1
A10: Performance | D10: Yes | E10: =VLOOKUP(D10,References!W:X,2,FALSE) -> 1
A11: Performance | D11: Yes | E11: =VLOOKUP(D11,References!W:X,2,FALSE) -> 1
A12: Performance | D12: Yes | E12: =VLOOKUP(D12,References!W:X,2,FALSE) -> 1
A13: Performance | D13: Yes | E13: =VLOOKUP(D13,References!W:X,2,FALSE) -> 1

Sheet NFRs
A1: NON FUNCTIONAL REQUIREMENTS DOMAIN | E1: =SUM(E12:E12)/COUNT(E12:E12) -> 1
A2: Category | B2: Review Group | C2: Question | D2: Answer | E2: Scoring | F2: Instructions/Comments | G2: Links and Further Instructions
A3: NFRs | D3: Yes | E3: =VLOOKUP(D3,References!W:X,2,FALSE) -> 1
A4: NFRs | D4: Yes | E4: =VLOOKUP(D4,References!W:X,2,FALSE) -> 1
A5: NFRs | D5: Yes | E5: =VLOOKUP(D5,References!W:X,2,FALSE) -> 1
A6: NFRs | D6: Yes | E6: =VLOOKUP(D6,References!W:X,2,FALSE) -> 1
A7: NFRs | D7: Yes | E7: =VLOOKUP(D7,References!W:X,2,FALSE) -> 1
A8: NFRs | D8: Yes | E8: =VLOOKUP(D8,References!W:X,2,FALSE) -> 1
A9: NFRs | D9: Yes | E9: =VLOOKUP(D9,References!W:X,2,FALSE) -> 1
A10: NFRs | D10: Yes | E10: =VLOOKUP(D10,References!W:X,2,FALSE) -> 1
A11: NFRs | D11: Yes | E11: =VLOOKUP(D11,References!W:X,2,FALSE) -> 1
A12: NFRs | D12: Yes | E12: =VLOOKUP(D12,References!W:X,2,FALSE) -> 1

Sheet References
A1: DO NOT EDIT | P1: DO NOT EDIT | W1: DO NOT EDIT | AE1: DO NOT EDIT
S2: DPIA Assessment State
A3: Password to unlock cells is: | B3: Availability Objectives | D3: YES is GOOD | F3: No is GOOD | H3: Acceptable | J3: Pass/Fail | N3: Architecture Review Board Type | P3: Architecture Review Scope | R3: Yes, No, N/A | S3: Assessment Values | T3: Dynamic | U3: SD Final | V3: All Others | W3: Final ARB Status (YES is GOOD) | Y3: Final ARB Status (NO is GOOD) | AA3: Data Confidentiality | AC3: Data Legal and Regulatory | AE3: GEN AI | AG3: Global Resiliency Tier | AI3: Other Approved Regions | AK3: Architecture Domains | AM3: Dynamic Approved Regions | AO3: Approved Compute Regions | AQ3: Approved Call Center Regions | AS3: Approved AI Regions | AU3: Approved Desktop Regions | AW3: Other Approved Regions | AY3: Security Reivew
A4: gea | B4: 99.99% Availability | C4: 1 | D4: No | E4: 0 | F4: No | G4: 1 | H4: Yes | I4: 1 | J4: Yes | K4: 1 | L4: 1 | M4: 1 | N4: Architecture Controls, Policies or Standards | O4: 1 | P4: Core | Q4: 1 | R4: Yes | S4: Assessment Not Required | T4: =IF(ARBType="Solution Design - Final",U4,V4) -> 1 | U4: 1 | V4: 1 | W4: Not Final ARB | X4: 1 | Y4: Not Final ARB | Z4: 1 | AA4: Strictly Confidential | AB4: 1 | AC4: Financial Information | AD4: 1 | AE4: No GEN AI | AF4: 1 | AG4: Tier 0 : Core (Titanium) | AH4: 1 | AI4: US - ADC - Cedar Rapids | AJ4: 1 | AK4: Compute/Data | AL4: 1 | AM4: =IF(ArchDomain="Compute",AO4,IF(ArchDomain="Call Center",AQ4,IF(ArchDomain="GenAI",AS4,IF(ArchDomain="Network",AO4,IF(ArchDomain="Desktop",AU4,AW4))))) -> US - ADC - Cedar Rapids | AN4: =IF(ArchDomain="Compute",AP4,IF(ArchDomain="Call Center",AR4,IF(ArchDomain="GenAI",AT4,IF(ArchDomain="Network",AP4,IF(ArchDomain="Desktop",AV4,AX4))))) -> 1 | AO4: US - ADC - Cedar Rapids | AP4: 1 | AQ4: US - ADC - Cedar Rapids | AR4: 1 | AS4: AWS - US East (N. Virginia) | AT4: 1 | AU4: US - ADC - Cedar Rapids | AV4: 1 | AW4: US - ADC - Cedar Rapids | AX4: 1 | AY4: Review Not Required | AZ4: 1
B5: 99.9% Availability | C5: 0.9 | D5: Partial | E5: 0.5 | F5: Yes | G5: 0 | H5: No - But acceptable | I5: 0.5 | J5: No | K5: -1 | L5: 1 | M5: 1 | N5: Architecture Design Pattern | O5: 1 | P5: Common | Q5: 1 | R5: No | S5: Assessment Initiated | T5: =IF(ARBType="Solution Design - Final",U5,V5) -> 1 | U5: -1 | V5: 1 | W5: Final ARB | X5: 1 | Y5: Final ARB | Z5: 1 | AA5: Confidential | AB5: 1 | AC5: Personal Identifiable Information | AD5: 1 | AE5: Key Requirement is fully met | AF5: 1 | AG5: Tier 1 : Mission Critical (Platinum) | AH5: 1 | AI5: EU - EDC - Edinburgh | AJ5: 1 | AK5: Call Center | AL5: 1 | AM5: =IF(ArchDomain="Compute",AO5,IF(ArchDomain="Call Center",AQ5,IF(ArchDomain="GenAI",AS5,IF(ArchDomain="Network",AO5,IF(ArchDomain="Desktop",AU5,AW5))))) -> EU - EDC - Edinburgh | AN5: =IF(ArchDomain="Compute",AP5,IF(ArchDomain="Call Center",AR5,IF(ArchDomain="GenAI",AT5,IF(ArchDomain="Network",AP5,IF(ArchDomain="Desktop",AV5,AX5))))) -> 1 | AO5: EU - EDC - Edinburgh | AP5: 1 | AQ5: EU - EDC - Edinburgh | AR5: 1 | AS5: AWS - EU West (Ireland) | AT5: 1 | AU5: EU - EDC - Edinburgh | AV5: 1 | AW5: EU - EDC - Edinburgh | AX5: 1 | AY5: Review Initiated | AZ5: -1
B6: 99.8% Availability | C6: 0.75 | D6: N/A | E6: 1 | F6: N/A | G6: 1 | H6: No | I6: 0 | K6: 0 | L6: 1 | M6: 1 | N6: Architecture Exception | O6: 1 | P6: Distinct | Q6: 1 | R6: N/A | S6: Assessment In-Progress | T6: =IF(ARBType="Solution Design - Final",U6,V6) -> 1 | U6: -1 | V6: 1 | W6: Final ARB with Exception | X6: 0.5 | Y6: Final ARB with Exception | Z6: 0.5 | AA6: Internal | AB6: 1 | AC6: Protected Health Information | AD6: 1 | AE6: Key Requirement is partially met | AF6: 0.5 | AG6: Tier 2 : Business Critical (Gold) | AH6: 1 | AI6: Both ADC and EDC | AJ6: 1 | AK6: Desktop | AL6: 1 | AM6: =IF(ArchDomain="Compute",AO6,IF(ArchDomain="Call Center",AQ6,IF(ArchDomain="GenAI",AS6,IF(ArchDomain="Network",AO6,IF(ArchDomain="Desktop",AU6,AW6))))) -> Multiple Datacenters/Clouds | AN6: =IF(ArchDomain="Compute",AP6,IF(ArchDomain="Call Center",AR6,IF(ArchDomain="GenAI",AT6,IF(ArchDomain="Network",AP6,IF(ArchDomain="Desktop",AV6,AX6))))) -> 1 | AO6: Both ADC and EDC | AP6: 1 | AQ6: Both ADC and EDC | AR6: 1 | AS6: AWS - Multiple Approved | AT6: 1 | AU6: Both ADC and EDC | AV6: 1 | AW6: Multiple Datacenters/Clouds | AX6: 1 | AY6: Review In-Progress | AZ6: -1
B7: 99.5% Availability | C7: 0.5 | D7: Yes | E7: 1 | F7: Don't Know | G7: 0 | H7: N/A | I7: 1 | K7: 0 | L7: 1 | M7: 0 | N7: Component Architecture Standard | O7: 1 | P7: Unknown | Q7: -1 | S7: Assessment Complete | T7: =IF(ARBType="Solution Design - Final",U7,V7) -> 1 | U7: 1 | V7: 1 | W7: Don't know | X7: 0 | Y7: Don't know | Z7: 0 | AA7: Public | AB7: 1 | AC7: Payment Card Information | AD7: 1 | AE7: Key Requirement is not met | AF7: 0 | AG7: Tier 3 : Important (Silver) | AH7: 1 | AI7: AWS - Ireland | AJ7: 1 | AK7: GenAI | AL7: 1 | AM7: =IF(ArchDomain="Compute",AO7,IF(ArchDomain="Call Center",AQ7,IF(ArchDomain="GenAI",AS7,IF(ArchDomain="Network",AO7,IF(ArchDomain="Desktop",AU7,AW7))))) -> AWS - Ireland | AN7: =IF(ArchDomain="Compute",AP7,IF(ArchDomain="Call Center",AR7,IF(ArchDomain="GenAI",AT7,IF(ArchDomain="Network",AP7,IF(ArchDomain="Desktop",AV7,AX7))))) -> 1 | AO7: AWS - EU West (Ireland) | AP7: 1 | AQ7: AWS - US East (N. Virginia) | AR7: 1 | AS7: Azure - Sweden Central | AT7: 1 | AU7: Azure - North Europe (Ireland) | AV7: 1 | AW7: AWS - Ireland | AX7: 1 | AY7: Review Complete | AZ7: 1
B8: 99.0% Availability | C8: 0.4 | D8: Don't Know | E8: 0 | G8: 0 | I8: 0 | K8: 0 | L8: 1 | M8: 1 | N8: Proof of Concept | O8: 1 | P8: N/A | Q8: 1 | S8: Assessment Complete with Exceptions | T8: =IF(ARBType="Solution Design - Final",U8,V8) -> 1 | U8: 0.75 | V8: 1 | W8: Yes | X8: 1 | Y8: Yes | Z8: 0 | AA8: No Data Shared | AB8: 1 | AC8: No Personal Data Shared | AD8: 1 | AE8: Unknown if the Key Requirement is met | AF8: 0 | AG8: Tier 4 : Best Effort (Bronze) | AH8: 1 | AI8: AWS - US East (N. Virginia + Ohio) | AJ8: 1 | AK8: Network | AL8: 1 | AM8: =IF(ArchDomain="Compute",AO8,IF(ArchDomain="Call Center",AQ8,IF(ArchDomain="GenAI",AS8,IF(ArchDomain="Network",AO8,IF(ArchDomain="Desktop",AU8,AW8))))) -> AWS - US East (N. Virginia + Ohio) | AN8: =IF(ArchDomain="Compute",AP8,IF(ArchDomain="Call Center",AR8,IF(ArchDomain="GenAI",AT8,IF(ArchDomain="Network",AP8,IF(ArchDomain="Desktop",AV8,AX8))))) -> 1 | AO8: AWS - US East (N. Virginia + Ohio) | AP8: 1 | AQ8: AWS - EU Central (Frankfurt) | AR8: 1 | AS8: Azure - North Europe (Ireland) | AT8: 1 | AU8: Azure - East US (Virginia) | AV8: 1 | AW8: AWS - US East (N. Virginia + Ohio) | AX8: 1 | AY8: Review Complete with Exceptions | AZ8: -1
B9: <99.0% Availability | C9: 0 | E9: 0 | G9: 0 | I9: 0 | K9: 0 | L9: 0 | M9: 0 | N9: Proof of Concept - Results | O9: 1 | Q9: 0 | S9: Assessment Required, Not Initiated | T9: =IF(ARBType="Solution Design - Final",U9,V9) -> -1 | U9: -5 | V9: -1 | W9: No | X9: 0 | Y9: No | Z9: 1 | AA9: Unknown | AB9: -1 | AC9: Unknown | AD9: -1 | AE9: Key Requirement is N/A | AF9: 1 | AG9: Unknown | AH9: 0 | AI9: AWS - US East (N. Virginia) | AJ9: 1 | AK9: Other | AL9: 1 | AM9: =IF(ArchDomain="Compute",AO9,IF(ArchDomain="Call Center",AQ9,IF(ArchDomain="GenAI",AS9,IF(ArchDomain="Network",AO9,IF(ArchDomain="Desktop",AU9,AW9))))) -> AWS - US East (N. Virginia) | AN9: =IF(ArchDomain="Compute",AP9,IF(ArchDomain="Call Center",AR9,IF(ArchDomain="GenAI",AT9,IF(ArchDomain="Network",AP9,IF(ArchDomain="Desktop",AV9,AX9))))) -> 1 | AO9: AWS - US East (N. Virginia) | AP9: 1 | AQ9: AWS - EU West (London) | AR9: 1 | AS9: Azure - East US (Virginia) | AT9: 1 | AU9: Azure - Central US (Des Moines) | AV9: 1 | AW9: AWS - US East (N. Virginia) | AX9: 1 | AY9: Review Required, Not Initiated | AZ9: -1
B10: Availability is not a requirement | C10: 1 | E10: 0 | G10: 0 | I10: 0 | K10: 0 | L10: -1 | M10: -1 | N10: Reference Architecture | O10: 1 | Q10: 0 | S10: Not Solution Design Final ARB | T10: =IF(ARBType="Solution Design - Final",U10,V10) -> 1 | U10: -1 | V10: 1 | W10: Not a Solution Design | X10: 1 | Y10: Not a Solution Design | Z10: 1 | AA10: CS - All Classifications | AB10: 1 | AC10: CS - All Classifications | AD10: 1 | AG10: N/A | AH10: 1 | AI10: AWS - US East (Ohio) | AJ10: 1 | AK10: Multiple | AL10: 1 | AM10: =IF(ArchDomain="Compute",AO10,IF(ArchDomain="Call Center",AQ10,IF(ArchDomain="GenAI",AS10,IF(ArchDomain="Network",AO10,IF(ArchDomain="Desktop",AU10,AW10))))) -> AWS - US East (Ohio) | AN10: =IF(ArchDomain="Compute",AP10,IF(ArchDomain="Call Center",AR10,IF(ArchDomain="GenAI",AT10,IF(ArchDomain="Network",AP10,IF(ArchDomain="Desktop",AV10,AX10))))) -> 1 | AO10: AWS - US East (Ohio) | AP10: 1 | AQ10: AWS - Multiple Approved | AR10: 1 | AS10: Azure - Multiple Approved | AT10: 1 | AU10: Azure - Multiple Approved | AV10: 1 | AW10: AWS - US East (Ohio) | AX10: 1
B11: Availability requirement is not defined | C11: 0 | E11: 0 | G11: 0 | I11: 0 | K11: 0 | L11: 1 | M11: 0 | N11: Software/Hardware Acquisition | O11: 1 | Q11: 0 | S11: Not a Solution Design | T11: =IF(ARBType="Solution Design - Final",U11,V11) -> 1 | U11: 1 | V11: 1 | W11: N/A | X11: 1 | Z11: 0 | AA11: CS - Max Confidential | AB11: 1 | AC11: CS - All but PCI | AD11: 1 | AI11: AWS - US West (Oregon + California) | AJ11: -0.5 | AM11: =IF(ArchDomain="Compute",AO11,IF(ArchDomain="Call Center",AQ11,IF(ArchDomain="GenAI",AS11,IF(ArchDomain="Network",AO11,IF(ArchDomain="Desktop",AU11,AW11))))) -> AWS - US West (Oregon + California) | AN11: =IF(ArchDomain="Compute",AP11,IF(ArchDomain="Call Center",AR11,IF(ArchDomain="GenAI",AT11,IF(ArchDomain="Network",AP11,IF(ArchDomain="Desktop",AV11,AX11))))) -> -0.5 | AO11: AWS - Multiple Approved | AP11: 1 | AQ11: Multiple Approved Clouds | AR11: 1 | AS11: Multiple Approved Clouds | AT11: 1 | AU11: Multiple Approved Clouds | AV11: 1 | AW11: AWS - US West (Oregon + California) | AX11: -0.5
B12: Unknown | C12: -1 | E12: 0 | G12: 0 | I12: 0 | K12: 0 | L12: 0 | M12: 0 | N12: Solution Design | O12: 1 | Q12: 0 | T12: =IF(ARBType="Solution Design - Final",U12,V12) -> 0 | U12: 0 | V12: 0 | X12: 0 | Z12: 0 | AA12: CS - Max Internal | AB12: 1 | AC12: CS - PII Only | AD12: 1 | AI12: AWS - US West (Oregon) | AJ12: -0.5 | AM12: =IF(ArchDomain="Compute",AO12,IF(ArchDomain="Call Center",AQ12,IF(ArchDomain="GenAI",AS13,IF(ArchDomain="Network",AO12,IF(ArchDomain="Desktop",AU12,AW12))))) -> AWS - US West (Oregon) | AN12: =IF(ArchDomain="Compute",AP12,IF(ArchDomain="Call Center",AR12,IF(ArchDomain="GenAI",AT13,IF(ArchDomain="Network",AP12,IF(ArchDomain="Desktop",AV12,AX12))))) -> -0.5 | AO12: Azure - North Europe (Ireland) | AP12: 1 | AQ12: Unknown | AR12: 0 | AS12: SaaS | AT12: 1 | AU12: Unknown | AV12: 0 | AW12: AWS - US West (Oregon) | AX12: -0.5
C13: 0 | E13: 0 | G13: 0 | I13: 0 | K13: 0 | L13: 0 | M13: 0 | N13: Solution Design - Final | O13: 1 | Q13: 0 | T13: =IF(ARBType="Solution Design - Final",U13,V13) -> 0 | U13: 0 | V13: 0 | X13: 0 | Z13: 0 | AA13: CS - Max Public | AB13: 1 | AC13: CS - Multiple | AD13: 1 | AI13: AWS - US West (N. California) | AJ13: -0.5 | AM13: =IF(ArchDomain="Compute",AO13,IF(ArchDomain="Call Center",AQ13,IF(ArchDomain="GenAI",AS14,IF(ArchDomain="Network",AO13,IF(ArchDomain="Desktop",AU13,AW13))))) -> AWS - US West (N. California) | AN13: =IF(ArchDomain="Compute",AP13,IF(ArchDomain="Call Center",AR13,IF(ArchDomain="GenAI",AT14,IF(ArchDomain="Network",AP13,IF(ArchDomain="Desktop",AV13,AX13))))) -> -0.5 | AO13: Azure - East US (Virginia) | AP13: 1 | AQ13: Other - Explain in Comments Section (Requires Architecture Approval, Risk Acceptance or Risk Remediation) | AR13: -1 | AS13: Unknown | AT13: 0 | AU13: Other - Explain in Comments Section (Requires Architecture Approval, Risk Acceptance or Risk Remediation) | AV13: -1 | AW13: AWS - US West (N. California) | AX13: -0.5
C14: 0 | E14: 0 | G14: 0 | I14: 0 | K14: 0 | L14: 0 | M14: 0 | N14: Informational | O14: 1 | Q14: 0 | T14: =IF(ARBType="Solution Design - Final",U14,V14) -> 0 | U14: 0 | V14: 0 | X14: 0 | Z14: 0 | AI14: AWS - Europe (Ireland) | AJ14: 1 | AM14: =IF(ArchDomain="Compute",AO14,IF(ArchDomain="Call Center",AQ14,IF(ArchDomain="GenAI",AS15,IF(ArchDomain="Network",AO14,IF(ArchDomain="Desktop",AU14,AW14))))) -> AWS - Europe (Ireland) | AN14: =IF(ArchDomain="Compute",AP14,IF(ArchDomain="Call Center",AR14,IF(ArchDomain="GenAI",AT15,IF(ArchDomain="Network",AP14,IF(ArchDomain="Desktop",AV14,AX14))))) -> 1 | AO14: Azure - Multiple Approved | AP14: 1 | AQ14: N/A | AR14: 1 | AS14: Other - Explain in Comments Section (Requires Architecture Approval, Risk Acceptance or Risk Remediation) | AT14: -1 | AU14: N/A | AV14: 1 | AW14: AWS - Europe (Ireland) | AX14: 1
C15: 0 | E15: 0 | G15: 0 | I15: 0 | K15: 0 | L15: 0 | M15: 0 | N15: Other | O15: 0 | Q15: 0 | T15: =IF(ARBType="Solution Design - Final",U15,V15) -> 0 | U15: 0 | V15: 0 | X15: 0 | Z15: 0 | AI15: AWS - Europe (London - Requires Architecture Approval, Risk Acceptance or Risk Remediation) | AJ15: 1 | AM15: =IF(ArchDomain="Compute",AO15,IF(ArchDomain="Call Center",AQ15,IF(ArchDomain="GenAI",#REF!,IF(ArchDomain="Network",AO15,IF(ArchDomain="Desktop",AU15,AW15))))) -> AWS - Europe (London - Requires Architecture Approval, Risk Acceptance or Risk Remediation) | AN15: =IF(ArchDomain="Compute",AP15,IF(ArchDomain="Call Center",AR15,IF(ArchDomain="GenAI",#REF!,IF(ArchDomain="Network",AP15,IF(ArchDomain="Desktop",AV15,AX15))))) -> 1 | AO15: Multiple Approved Clouds | AP15: 1 | AS15: N/A | AT15: 1 | AW15: AWS - Europe (London - Requires Architecture Approval, Risk Acceptance or Risk Remediation) | AX15: 1
C16: 0 | E16: 0 | G16: 0 | I16: 0 | K16: 0 | L16: 0 | M16: 0 | N16: Unknown | O16: -1 | Q16: 0 | T16: =IF(ARBType="Solution Design - Final",U16,V16) -> 0 | U16: 0 | V16: 0 | X16: 0 | Z16: 0 | AI16: AWS - Europe (Frankfurt - Requires Architecture Approval, Risk Acceptance or Risk Remediation) | AJ16: 1 | AM16: =IF(ArchDomain="Compute",AO16,IF(ArchDomain="Call Center",AQ16,IF(ArchDomain="GenAI",AS16,IF(ArchDomain="Network",AO16,IF(ArchDomain="Desktop",AU16,AW16))))) -> AWS - Europe (Frankfurt - Requires Architecture Approval, Risk Acceptance or Risk Remediation) | AN16: =IF(ArchDomain="Compute",AP16,IF(ArchDomain="Call Center",AR16,IF(ArchDomain="GenAI",AT16,IF(ArchDomain="Network",AP16,IF(ArchDomain="Desktop",AV16,AX16))))) -> 1 | AO16: SaaS | AP16: 1 | AW16: AWS - Europe (Frankfurt - Requires Architecture Approval, Risk Acceptance or Risk Remediation) | AX16: 1
C17: 0 | E17: 0 | G17: 0 | I17: 0 | K17: 0 | L17: 0 | M17: 0 | N17: N/A | O17: 0 | Q17: 0 | T17: =IF(ARBType="Solution Design - Final",U17,V17) -> 0 | U17: 0 | V17: 0 | X17: 0 | Z17: 0 | AI17: AWS - Multiple Approved | AJ17: 1 | AM17: =IF(ArchDomain="Compute",AO17,IF(ArchDomain="Call Center",AQ17,IF(ArchDomain="GenAI",AS17,IF(ArchDomain="Network",AO17,IF(ArchDomain="Desktop",AU17,AW17))))) -> AWS - Multiple Approved | AN17: =IF(ArchDomain="Compute",AP17,IF(ArchDomain="Call Center",AR17,IF(ArchDomain="GenAI",AT17,IF(ArchDomain="Network",AP17,IF(ArchDomain="Desktop",AV17,AX17))))) -> 1 | AO17: Unknown | AP17: 0 | AW17: AWS - Multiple Approved | AX17: 1
C18: 0 | E18: 0 | G18: 0 | I18: 0 | K18: 0 | L18: 0 | M18: 0 | O18: 0 | Q18: 0 | T18: =IF(ARBType="Solution Design - Final",U18,V18) -> 0 | U18: 0 | V18: 0 | X18: 0 | Z18: 0 | AI18: Azure - North Europe (Ireland) | AJ18: -1 | AM18: =IF(ArchDomain="Compute",AO18,IF(ArchDomain="Call Center",AQ18,IF(ArchDomain="GenAI",AS18,IF(ArchDomain="Network",AO18,IF(ArchDomain="Desktop",AU18,AW18))))) -> Azure - North Europe (Ireland) | AN18: =IF(ArchDomain="Compute",AP18,IF(ArchDomain="Call Center",AR18,IF(ArchDomain="GenAI",AT18,IF(ArchDomain="Network",AP18,IF(ArchDomain="Desktop",AV18,AX18))))) -> -1 | AO18: Other - Explain in Comments Section (Requires Architecture Approval, Risk Acceptance or Risk Remediation) | AP18: -1 | AW18: Azure - North Europe (Ireland) | AX18: -1
C19: 0 | E19: 0 | G19: 0 | I19: 0 | K19: 0 | L19: 0 | M19: 0 | O19: 0 | Q19: 0 | T19: =IF(ARBType="Solution Design - Final",U19,V19) -> 0 | U19: 0 | V19: 0 | X19: 0 | Z19: 0 | AI19: Azure - West Europe (Netherlands - Requires Architecture Approval, Risk Acceptance or Risk Remediation) | AJ19: -1 | AM19: =IF(ArchDomain="Compute",AO19,IF(ArchDomain="Call Center",AQ19,IF(ArchDomain="GenAI",AS19,IF(ArchDomain="Network",AO19,IF(ArchDomain="Desktop",AU19,AW19))))) -> Azure - West Europe (Netherlands - Requires Architecture Approval, Risk Acceptance or Risk Remediation) | AN19: =IF(ArchDomain="Compute",AP19,IF(ArchDomain="Call Center",AR19,IF(ArchDomain="GenAI",AT19,IF(ArchDomain="Network",AP19,IF(ArchDomain="Desktop",AV19,AX19))))) -> -1 | AO19: N/A | AP19: 1 | AW19: Azure - West Europe (Netherlands - Requires Architecture Approval, Risk Acceptance or Risk Remediation) | AX19: -1
C20: 0 | E20: 0 | G20: 0 | I20: 0 | K20: 0 | L20: 0 | M20: 0 | O20: 0 | Q20: 0 | T20: =IF(ARBType="Solution Design - Final",U20,V20) -> 0 | U20: 0 | V20: 0 | X20: 0 | Z20: 0 | AI20: Azure - Sweden Central (Gävle - Requires Architecture Approval, Risk Acceptance or Risk Remediation) | AJ20: 1 | AM20: =IF(ArchDomain="Compute",AO20,IF(ArchDomain="Call Center",AQ20,IF(ArchDomain="GenAI",AS20,IF(ArchDomain="Network",AO20,IF(ArchDomain="Desktop",AU20,AW20))))) -> Azure - Sweden Central (Gävle - Requires Architecture Approval, Risk Acceptance or Risk Remediation) | AN20: =IF(ArchDomain="Compute",AP20,IF(ArchDomain="Call Center",AR20,IF(ArchDomain="GenAI",AT20,IF(ArchDomain="Network",AP20,IF(ArchDomain="Desktop",AV20,AX20))))) -> 1 | AW20: Azure - Sweden Central (Gävle - Requires Architecture Approval, Risk Acceptance or Risk Remediation) | AX20: 1
AI21: Azure - East US (Virginia) | AJ21: 1 | AM21: =IF(ArchDomain="Compute",AO21,IF(ArchDomain="Call Center",AQ21,IF(ArchDomain="GenAI",AS21,IF(ArchDomain="Network",AO21,IF(ArchDomain="Desktop",AU21,AW21))))) -> Azure - East US (Virginia) | AN21: =IF(ArchDomain="Compute",AP21,IF(ArchDomain="Call Center",AR21,IF(ArchDomain="GenAI",AT21,IF(ArchDomain="Network",AP21,IF(ArchDomain="Desktop",AV21,AX21))))) -> 1 | AW21: Azure - East US (Virginia) | AX21: 1
AI22: Azure - East US 2 (Virginia) | AJ22: 1 | AM22: =IF(ArchDomain="Compute",AO22,IF(ArchDomain="Call Center",AQ22,IF(ArchDomain="GenAI",AS22,IF(ArchDomain="Network",AO22,IF(ArchDomain="Desktop",AU22,AW22))))) -> Azure - East US 2 (Virginia) | AN22: =IF(ArchDomain="Compute",AP22,IF(ArchDomain="Call Center",AR22,IF(ArchDomain="GenAI",AT22,IF(ArchDomain="Network",AP22,IF(ArchDomain="Desktop",AV22,AX22))))) -> 1 | AW22: Azure - East US 2 (Virginia) | AX22: 1
AI23: Azure - East US 3 (Georgia - Requires Architecture Approval, Risk Acceptance or Risk Remediation) | AJ23: -1 | AM23: =IF(ArchDomain="Compute",AO23,IF(ArchDomain="Call Center",AQ23,IF(ArchDomain="GenAI",AS23,IF(ArchDomain="Network",AO23,IF(ArchDomain="Desktop",AU23,AW23))))) -> Azure - East US 3 (Georgia - Requires Architecture Approval, Risk Acceptance or Risk Remediation) | AN23: =IF(ArchDomain="Compute",AP23,IF(ArchDomain="Call Center",AR23,IF(ArchDomain="GenAI",AT23,IF(ArchDomain="Network",AP23,IF(ArchDomain="Desktop",AV23,AX23))))) -> -1 | AW23: Azure - East US 3 (Georgia - Requires Architecture Approval, Risk Acceptance or Risk Remediation) | AX23: -1
AI24: Azure - Central US (Iowa - Requires Architecture Approval, Risk Acceptance or Risk Remediation) | AJ24: -1 | AM24: =IF(ArchDomain="Compute",AO24,IF(ArchDomain="Call Center",AQ24,IF(ArchDomain="GenAI",AS24,IF(ArchDomain="Network",AO24,IF(ArchDomain="Desktop",AU24,AW24))))) -> Azure - Central US (Iowa - Requires Architecture Approval, Risk Acceptance or Risk Remediation) | AN24: =IF(ArchDomain="Compute",AP24,IF(ArchDomain="Call Center",AR24,IF(ArchDomain="GenAI",AT24,IF(ArchDomain="Network",AP24,IF(ArchDomain="Desktop",AV24,AX24))))) -> -1 | AW24: Azure - Central US (Iowa - Requires Architecture Approval, Risk Acceptance or Risk Remediation) | AX24: -1
AI25: Azure - Multiple Approved | AJ25: 1 | AM25: =IF(ArchDomain="Compute",AO25,IF(ArchDomain="Call Center",AQ25,IF(ArchDomain="GenAI",AS25,IF(ArchDomain="Network",AO25,IF(ArchDomain="Desktop",AU25,AW25))))) -> Azure - Multiple Approved | AN25: =IF(ArchDomain="Compute",AP25,IF(ArchDomain="Call Center",AR25,IF(ArchDomain="GenAI",AT25,IF(ArchDomain="Network",AP25,IF(ArchDomain="Desktop",AV25,AX25))))) -> 1 | AW25: Azure - Multiple Approved | AX25: 1
AI26: SaaS | AJ26: 1 | AM26: =IF(ArchDomain="Compute",AO26,IF(ArchDomain="Call Center",AQ26,IF(ArchDomain="GenAI",AS26,IF(ArchDomain="Network",AO26,IF(ArchDomain="Desktop",AU26,AW26))))) -> SaaS | AN26: =IF(ArchDomain="Compute",AP26,IF(ArchDomain="Call Center",AR26,IF(ArchDomain="GenAI",AT26,IF(ArchDomain="Network",AP26,IF(ArchDomain="Desktop",AV26,AX26))))) -> 1 | AW26: SaaS | AX26: 1
AI27: Unknown | AJ27: -10 | AM27: =IF(ArchDomain="Compute",AO27,IF(ArchDomain="Call Center",AQ27,IF(ArchDomain="GenAI",AS27,IF(ArchDomain="Network",AO27,IF(ArchDomain="Desktop",AU27,AW27))))) -> Unknown | AN27: =IF(ArchDomain="Compute",AP27,IF(ArchDomain="Call Center",AR27,IF(ArchDomain="GenAI",AT27,IF(ArchDomain="Network",AP27,IF(ArchDomain="Desktop",AV27,AX27))))) -> -10 | AW27: Unknown | AX27: -10
AI28: Other - Explain in Comments Section (Requires Architecture Approval, Risk Acceptance or Risk Remediation) | AJ28: -1 | AM28: =IF(ArchDomain="Compute",AO28,IF(ArchDomain="Call Center",AQ28,IF(ArchDomain="GenAI",AS28,IF(ArchDomain="Network",AO28,IF(ArchDomain="Desktop",AU28,AW28))))) -> Other - Explain in Comments Section (Requires Architecture Approval, Risk Acceptance or Risk Remediation) | AN28: =IF(ArchDomain="Compute",AP28,IF(ArchDomain="Call Center",AR28,IF(ArchDomain="GenAI",AT28,IF(ArchDomain="Network",AP28,IF(ArchDomain="Desktop",AV28,AX28))))) -> -1 | AW28: Other - Explain in Comments Section (Requires Architecture Approval, Risk Acceptance or Risk Remediation) | AX28: -1
AI29: N/A | AJ29: 1 | AM29: =IF(ArchDomain="Compute",AO29,IF(ArchDomain="Call Center",AQ29,IF(ArchDomain="GenAI",AS29,IF(ArchDomain="Network",AO29,IF(ArchDomain="Desktop",AU29,AW29))))) -> N/A | AN29: =IF(ArchDomain="Compute",AP29,IF(ArchDomain="Call Center",AR29,IF(ArchDomain="GenAI",AT29,IF(ArchDomain="Network",AP29,IF(ArchDomain="Desktop",AV29,AX29))))) -> 1 | AW29: N/A | AX29: 1
AM30: =IF(ArchDomain="Compute",AO30,IF(ArchDomain="Call Center",AQ30,IF(ArchDomain="GenAI",AS30,IF(ArchDomain="Network",AO30,IF(ArchDomain="Desktop",AU30,AW30))))) | AN30: =IF(ArchDomain="Compute",AP30,IF(ArchDomain="Call Center",AR30,IF(ArchDomain="GenAI",AT30,IF(ArchDomain="Network",AP30,IF(ArchDomain="Desktop",AV30,AX30))))) -> 0

Sheet Links and References
A2: Enterprise Architecture Charter
A3: Gen AI Policy
A4: GenAI Inventory
A5: LLM Impact Assessment Form
A7: OneTrust
A8: ARB Calendar
A9: Transamerica Encryption Standards
A10: Technology Risk Reviews - All Assessments
A11: Link to Technology Risk Assessment Sharepoint Site
A12: IRM Knowledge - Risk Treatment Framework
A13: Risk Treatment Framework.pdf
A14: Risk Treatment Framework Training.pdf
... A18: Global Resiliency Tiers and Design Guidance.pptx
A20: TPRM Request and Review | B20: Message CLMadmin@transamerica.com to gain access to the repository. New requests are initiated in Ariba/
A22: ​Global TSA register
A23: ​Transamerica IT Controls Register
A25: Global Logging, Monitoring, Observability & Alerting Guidance
A26: Global Multi-Factor Authentication Architecture Guidance
A27: Global IT Architecture Certificate Management Guidance
A28: Threat Model Request
A30: ITCF - Documents - All Documents
